start	end	text
0	880	這什麼樂?
880	2480	所以等一下我們來探討一下
2480	4200	孩子專注一題為什麼不見呢?
4200	5200	安智文長回來
5200	6560	所以這次今天研討了解釋
6560	8240	我幫你加打開第一條路
8240	10560	他第一條路第二條路重要了
10560	12800	希望今天研討了解釋之後呢
12800	14880	要學會控制好情緒管理
14880	16680	不要好吃愛神奇
16680	17920	你知道嗎?有多佔賣
17920	19200	多佔賣多多的抵抗
19200	20120	就愛神奇
20120	21320	愛你跳
21320	22280	然後愛好
22280	23480	來,請從鏡頭跳那麼大
23480	24440	翻死了
24440	25520	這樣可以講不聽?
25520	27200	欸,你有中感覺得嗎?
27200	29080	好,來,才很多佔賣多我想
29080	30120	想要問一下說
30120	31080	哪有
31080	32200	他才發了
32200	33320	愛國說愛高到
33320	34400	很死了
34400	35680	我都搞定他家什麼人
35680	36560	只有分心出來
36560	38600	你來一般家裡現在只有三個月
38600	40000	一小便愛神奇
40000	41080	二家長愛神奇
41080	43640	三人佔賣多愛神奇
43640	45280	那家說老實
45280	47280	我們也不是愛神奇
47280	48280	他是不是講不聽?
48280	49080	你知道嗎?
49080	50080	明明家家說
50080	51080	從計劃五十分鐘
51080	52080	還是反正小時候說
52080	53280	從來不收了
53280	54280	那你那大英文說
54280	55080	可是其他的路數
55080	56080	給我路數
56080	56840	三死了
56840	58680	都必須我們知道的生氣
59680	60680	大家有中感的嗎?
60680	61320	有
61320	62160	這樣
62160	63160	你都一直覺得說
63160	64360	是孩子行為一大堂
64360	65160	給你生氣
65160	66560	對你只要好生氣了嗎?
66560	67680	這是你的主觀意識
67680	69040	我也不能說你不對
69040	69960	那今天我們來看
69960	71400	你討一下怎麼教學孩
71400	72680	那我們就要相信專家
72680	74160	專家剛剛報告我
74160	75200	還有外面那些
75200	76800	很有名的心理學家
76800	78040	還是國外的一些
78040	79400	很有名的教學專家
79400	80760	他為了證明說
80760	81800	到底是
81800	83280	為什麼家長教學孩
83280	85280	都沒有容易有情緒愛生氣
85280	86600	他們想實驗看看
86600	88000	到底發生什麼事
88000	88800	就做了一個實驗
88800	91880	叫做情緒A、B、C、F、Z
91880	95440	A就是小孩子行為本身的行為
95440	96160	比如說
96160	97000	還是其中間
97000	98280	大家要行為本身
98280	99480	還是會說謊
99480	100440	還是會託東西
100440	101240	跟你做嗎?
101240	102000	還是孩子不歪
102000	103000	比如說不歪
103000	103480	不歪
103480	104200	沒有同理心
104200	104960	按照按鈕
104960	106040	這叫行為本身
106040	107000	這樣聽懂
107000	108760	可能跟女嘉賓都有影響
108760	110600	那什麼叫A、B、C的C
110600	112680	C就是我們這個家長
112680	114840	看哪一隻行為本身不膽的時候
114840	117240	我們內心會開始攔死到我的情緒
117240	119040	那有多分的情緒就爆炸出來
119040	120280	比較C
120280	121400	所以他一直有
121400	122800	大家都有一個認為說
122800	123280	老師
123280	124560	我們是在世界的家長
124560	126160	他請給他行誇張給他
126160	126760	說給他
126760	127400	說給他
127400	128480	有什麼東西在
128480	129480	給他的東西
129480	131600	他就去找了一百股家
131600	132520	那這一百股家
132520	134040	聽小朋友的行為本身
134040	135240	都跟女嘉很像
135240	136280	反正女嘉是哪一種
136280	137240	他都找到了
137240	138040	這一百股裡面
138040	139240	都有女嘉那種
139240	139880	那早安之後
139880	141080	又想實驗看看說
141080	142680	到底是不是小孩子的行為
142680	144240	找到人家想要生氣
144240	145040	結果經過實驗
145040	146320	證明一件事情
146320	147520	這些小孩子行為本身
147520	148680	那一種不太好就沒有
148680	150160	結果經過五成的家長
150160	151480	容易生氣
151480	152680	那有三成的家長
152680	153920	有點情緒
153920	155080	如果是兩成的家長
155080	156040	像有這樣子
156040	157360	還是像一些
157360	159360	很被交小的老師
159360	160760	有老師在那邊會交叉
160760	162200	老師或家長一樣
162200	164280	我們看到現在是行為本身不膽
164280	164920	愛哭
164920	165360	愛鬧
165360	165800	愛打
165800	167120	一種不聽話不懂事
167120	168600	這隻行為排列偏差
168600	169640	座往的那個
169640	170600	我們看到他這樣
170600	171800	沒有他生氣
171800	172760	欸不是當心他
172760	173560	沒有東西到
173560	175320	我們是在想說糟糕
175320	176520	我們那講話的方式
176520	177520	他都不能接受
177520	178520	沒有
178520	179920	欸因為我再把他拿回來
179920	180720	啊找到
180720	181480	我跟他互動
181480	182040	互動
182040	183680	他都努力一切
183680	185200	所以有在主啊他
185200	186440	所以我老天爺想說
186440	187680	是不是我應該改天
187680	189080	我的溝通方式
189080	190680	還是互動方式
190680	191440	然後才有讓他去
191440	192800	贏到我孩子的情緒
192800	193920	不要一直爆風
193920	195160	那贏到他去思考
195160	196960	怎麼面對人生解決問題
196960	198040	就會獨一之主
198040	199240	我們在想這個
199240	200200	可是那分之五
200200	200840	是愛跟借家
200840	201400	他在想什麼
201400	202240	但是想這個
202240	202720	你看
202720	204400	今天給他模型
204400	205760	而氣流氣漲
205760	206960	能讓他弟弟不會這樣
206960	207720	他幾天不會這樣
207720	208560	跟出於這麼啊
208560	209360	那你小孩
209360	210560	還死了
210560	211520	然後他在想什麼
211520	212400	他在想說
212400	213160	我小時候
213160	213800	我的爸爸媽媽
213800	214400	很久就站了
214400	215360	你知道嗎
215360	217200	我現在很久是三百年沒有
217200	218360	的模型一樣
218360	219760	他都在想這個
219760	220880	所以他就發現說
220880	222040	其實家長的
222040	223320	愛生氣跟小孩行為
223320	224080	關注外
224080	225960	我們那種是沒有絕大關係
225960	226840	最大關係
226840	228520	家長愛生氣是因為
228520	229840	他們這個情緒
229840	232120	ABC法治的B有點狀況
232120	234160	那種B叫做本B
234160	235440	就是你這個家長
235440	236600	大腦裡面有什麼
236600	239000	想法跟相信的信念
239000	241000	來框架孩子的行為
241000	242560	你的想法信念是怎麼
242560	243720	一旦你在看我
243720	244600	一旦跨上邊
244600	245960	那一旦可以走路啊
245960	247560	偶爾公園別在看我
247560	248960	你的想法是這個
248960	249800	那這個是你
249800	251640	小時候你爸媽叫你的方法
251640	252560	那你就用這個想法
252560	254280	信念來框架孩子的行為
254280	255320	那這些價值觀
255320	256160	我衝撥的時候
256160	258360	你就一直情緒上來
258360	259800	可是請問
259800	261880	大家變化語實距間
261880	264120	現在孩子跟以前真的是不一樣
264280	266960	你應該要去調整的溝通方式
266960	269240	互動模式來贏阿孩子
269240	271040	這樣子要幫他解決問題
271040	272000	那我們是講到這裡
272000	273360	說你知道這樣要做什麼嗎
273360	275640	老實地你講的我都懂
275640	277080	我都來需要聽想做
277080	278080	我們都知道
278080	280320	但是孩子真的很難溝通
280320	282120	然後公美天啊
282120	283360	如果你還是有這麼想法
283360	283960	沒關係
283960	284880	我再去講很多
284880	286000	謝謝你給你
286000	287280	今天也講得精采
287280	288480	等一下會講多新鮮的
288480	289200	新鮮的理論
289200	290280	還有講多案例
290280	291640	那你會都覺得
291640	292680	現場事務報平台
292680	295080	我都請問到底會新鮮的感覺
295080	297080	而且講得真的很正確
297080	297920	所以等一下呢
297920	299000	我會請你
299000	299480	把他
299480	300680	我也講得重點
300680	302720	從今次去稍微寫一下
302720	304160	不然你回家之後
304160	305520	真的會忘記
305520	306240	阿布蘭的話
306240	307160	真的是今天這場
307160	309160	特地太精采的忘記太可惜
309160	310240	結果你要請你把
310240	311200	我幫你負寫
311200	313680	重點是積在你手機的計師分離
313680	314800	二十一十幾的人
314800	315560	什麼都會忘記
315560	316680	但手機都不會忘記
316680	317520	但
317520	318520	所以寫在手機裡面
318520	319920	等朋友的時候
319920	321480	用拿起來看一看
321480	322000	好
322000	322960	那如果你已經
322960	324280	老師沒有啦
324280	325000	我們真的都有
325000	326000	那郭忠祐都不聽
326000	327280	不懂事很煩啦
327280	327680	來
327680	329640	如果你這樣想的話
329640	330800	這兩句很重要
330800	331760	趕快抄一下
331760	333800	沒有出能郭忠祐的小孩
333800	335760	只有不會郭忠祐的家長
335760	337360	這樣太怕這兩句要寫一下
337360	339360	沒有不能郭忠祐的小孩
339360	342400	只有不會郭忠祐的家長
342400	344200	沒有不能郭忠祐的小孩
344200	345480	只有不會郭忠祐的家長
345480	346240	我可以加回講
346240	347000	案例給你聽到
347000	348200	你都要寫一下
351040	351720	很多家長
351720	354320	一直覺得孩子不能郭忠
354320	356160	孩子更不會講道理
356160	357480	起支
357480	358560	根據我做起支
358560	360680	只要有多多二十幾年
360680	362360	到國外接受這麼多訓練
362360	362960	相信我
362960	363880	沒有不能郭忠祐
363880	365680	你只要有不會郭忠祐的家長
365680	366840	我這樣講很相信
366840	368080	那我來舉個例子
368080	369480	我來舉個例子
369480	371200	等一下我講這個例子呢
371200	372840	在你們家接下面
372840	374480	日子一定會發生
374480	376000	沒有發生我隨便
376000	377720	剛剛就是已經正在發生
377720	378520	關於訪過了
378520	380360	有一天還記得該廠
380360	381400	媽媽
381400	383040	我想問是受盡
383040	385280	我給保證你又有一個媽媽的事情
385280	386240	那這時候你知道家長
386240	387600	怎麼在郭忠祐嗎
387600	389120	不可以
389120	389840	還是說
389840	391160	為什麼
391160	392720	沒有為什麼
392720	393480	可是我們同學
393480	395760	他都會受盡
395760	396400	我們家規定
396400	397960	你只要保證的給受盡
397960	399520	可是我這樣子麻煩
399520	401040	哪裡麻煩
401040	402640	因為上廣媽生作業
402640	404360	查治了我都不會麻煩
404360	405400	那沒麻煩
405400	407680	你這跟我氣候我氣你
407680	408400	可是這樣子
408400	411040	有時候不在這個麻煩
411040	412520	你不要這樣子
412520	414160	這很需要一隻手機
414160	415320	我同學大哥有
415320	416280	我再跟你講一次
416280	417960	我們家說不可以就不可以
417960	420160	那是別人家不是我們家
420160	422360	拜託一下
422360	423280	你知道這草可以嗎
423280	424760	你怎麼會講到你
424760	426200	你很奇怪
426200	427200	別人家是別人家
427200	428440	就我們家長得麻煩
428440	430400	人家別人家都我們家都會說不行
430400	431400	我們家草
431400	432600	要不要你當別人家小孩
432600	434080	不要當我小孩
434080	434880	小朋友說
434880	435760	我們幾秒
435760	437240	是不是結婚了
437240	438760	還真是我們家人在想什麼
438760	440840	其實已經讓臺都無悲
440840	441760	不受驕
441760	443560	問你情要早麻煩
443560	444960	你再想這個
444960	446200	那如果上廣媽家人
446200	448040	連都沒有早麻煩了
448040	449760	是你能不會溝通
449760	450960	你知道為什麼嗎
450960	452160	來把這兩邊不要再寫一家
452160	454400	這兩家是今天共有共有共有別
454400	456400	溝通的棋手是
456400	458080	先講人家想聽的
458080	461200	再說自己想說的
461200	462800	溝通的棋手是
462800	464560	先講人家想聽的
464560	466560	再說自己想說的
471840	473840	溝通的棋手是
473840	474840	先講人家想聽的
474840	476840	再說自己想說的
476840	478840	喜歡的就抬頭
478840	480840	那我會繼續分析自己的案子給你聽
480840	482840	溝通的棋手是
482840	484840	先講人家想聽的
484840	486840	再說自己想說的
486840	487840	好
487840	488840	你有沒有發現
488840	489840	剛剛你還是說
489840	490840	媽
490840	491840	我想問你手心
491840	492840	你手中
492840	493840	我可以
493840	494840	再講你想說的
494840	495840	我讀書那都有
495840	497840	那是他人家想說
497840	499840	我讀書那都有
499840	500840	那是他人家想說
500840	501840	我讀書那都有
501840	502840	你票這樣子嗎
502840	503840	可是我上同學
503840	504840	你要查資料麻煩
504840	505840	你可以夠弄棋
505840	507840	你都一直在講自己想說的
507840	508840	那你這樣會跟你
508840	510840	進入才可以跟你
510840	511840	你不相信嗎
511840	512840	那我們再用另外一個例子
512840	514840	剛剛這個溝通的模式
514840	515840	逃用在大人身上
515840	516840	你聽看看
516840	518840	架構一樣
518840	519840	一樣
519840	520840	你聽看看你的感受就不一樣
520840	521840	你看他的感受是
521840	522840	絕下一層不聽話的董事
522840	524840	我們想把他的溝通的棋手
524840	526840	架構放在大人的溝通
526840	527840	我保證你會說
527840	528840	這個大人很難溝通
528840	529840	還是他不懂事
529840	530840	你聽看看
530840	532840	你的太太嫁給你第十幾天了
532840	533840	你還是現在在那邊讀小學
533840	534840	四五年
534840	535840	對導致十年以上
535840	536840	嫁給你十年
536840	537840	假設十年
537840	538840	那你太太呢
538840	540840	就有一天去參加大學同學
540840	541840	會跟規定和下午茶
541840	542840	和小茶當中
542840	543840	就看到
543840	544840	規定旁邊胖的一個
544840	545840	全新的LV的包包
545840	547840	那就開始問他規定了
547840	548840	金買的
548840	549840	對啊
549840	550840	多少錢
550840	551840	十二萬房
551840	552840	怎麼會想到
552840	553840	這個
553840	554840	沒有啦
554840	555840	不是我買的
555840	556840	跑公送的
556840	557840	為什麼
557840	558840	假設他死贏了
558840	560840	十週年送我的禮物
560840	561840	說到公送的包
561840	562840	我就應該搭
562840	563840	重流重來
563840	564840	誤會下雨
564840	565840	跟我老公說
565840	567840	像小朋友看人家手機
567840	568840	回家跟爸媽說
568840	570840	那我就回家說
570840	572840	我今天去喝下午茶
572840	573840	我規定了
573840	574840	人家嫁給他老公十幾年
574840	575840	人家好
575840	576840	老公
576840	577840	十週年結果
577840	578840	接送一個LV包包
578840	579840	你也什麼回家
580840	581840	不可以
581840	583840	像你這樣
583840	584840	像你這樣還是跟你說
584840	585840	那你說
585840	586840	為什麼
586840	588840	你有衛生嗎
588840	589840	可是你知道嗎
589840	591840	多麼是你的那個生命
591840	592840	我再給你死你了
592840	593840	你不太沒送過
593840	594840	送一個會怎樣
594840	596840	你不要讓我好不好
596840	597840	就是不可以
597840	599840	你怎麼那麼討厭
599840	600840	人家都可以
600840	601840	為什麼你這樣不可以
601840	603840	今天你早上
603840	604840	他就講不過你跟人家經話
604840	605840	你是不是
605840	606840	人家可以
606840	607840	爸爸你這樣跟人家
607840	608840	這樣跟人家話
608840	609840	人家不會說
609840	610840	有病啊
610840	611840	就說
611840	612840	請問你為什麼
612840	613840	人家不會說
613840	614840	人家不會說
614840	615840	人家不會說
615840	616840	人家不會說
616840	617840	人家不會說
617840	618840	人家不會說
618840	619840	人家不會說
619840	620840	人家不會說
620840	621840	人家會說
621840	623840	人家不會說
623840	624840	人家會說
624840	643840	人家會說
643840	644840	人家會說
644840	647440	然後一直情緒而所對方 控制對方
647440	649240	然後甚至打罵對方
649240	651840	就會造成你們家一體一體一體一團亂
651840	654740	因為你大家的溝通模式都在講自己想說的
654740	657640	不是講別人家想聽的 這樣我聽懂嗎
657640	659840	好 聽懂懂 到來再問大家一次
659840	661140	請問再多多一家長
661140	663940	我講個人跳通的比較佔心聽聞後
663940	666040	請多一家長 我剛剛說今天這場演講
666040	667640	希望給公司大家都
667640	668840	去年還是獨立自主
668840	671740	有目標的夢想學會解決問題
671740	673240	想不想
673240	674740	請多三個人來一起
674740	676240	想不想
676240	679240	謝謝你 歡迎
679240	682240	今天這場演講改清決隊
682240	684240	因為我會教俠
684240	686240	我們家兩個兒子能老大呢
686240	688240	二十三天再去我演講
688240	691240	他現在人在巴黎國小演講
691240	694240	我們家老二呢二十三天做到一家餐廳
694240	697240	裡面有吃過也聽過 要都是想食天堂
697240	700240	他二十三天做到一家餐廳的覆電站
700240	701740	我們演示強制的時候
701740	703240	要看一場這兩件食品的時候
703240	705240	你知道多三家長通的強制的時候
705240	708240	老師 面臨了那些乖
708240	710240	會是在天不大學
710240	711240	在電風跑到一層四點
711240	714240	從家起來上課 連你穿啊
714240	716240	我還是現在對我的名字上班
716240	718240	工作班另外一個快就快死了
718240	720240	你還是說什麼這麼乖
720240	722240	你知道我剛剛說什麼話嗎
722240	723240	你講錯了
723240	724240	不是我還是乖
724240	727240	是我還是乖
727240	729240	因為我還是跟你還是這樣也湯完
729240	732240	也想要做他喜歡做的事不見得是對的
732240	734240	所以呢
734240	736240	我就因為當時不懂得教起來
736240	737240	我去上眾多課
737240	739240	這不是為了開工之用
739240	740240	是為三特想教起來
740240	741240	搞到飯了
741240	742240	很多人聽我的名字
742240	743240	我去演講才開家這樣
743240	745240	教育公司知道嗎
745240	748240	所以我們是因為我剛剛講過了
748240	749240	因為我可能跟他不懂方式
749240	750240	他不能理解
750240	751240	講到方式他不能接受
751240	753240	我去學很多改變自己
753240	754240	所以你先這樣
754240	755240	對這兩天要操一下
755240	757240	這兩天還是今天終於快點
757240	758240	家長進步百分一
758240	760240	孩子進步百分之十
763240	765240	家長進步百分之一
765240	768240	孩子進步百分之十
768240	769240	所以
769240	771240	如果你兄弟還是可以多一隻股
771240	773240	有目標有夢想學位解決物體能力
773240	774240	請你要先進步
774240	776240	你孩子就進步了
776240	778240	家長進步百分之一
778240	780240	孩子進步百分之十
780240	782240	那到底要怎麼進步呢
782240	783240	我去一下講課了
783240	785240	所以如果現在孩子的
785240	787240	讓你心裡很煩
787240	788240	不知道怎麼加
788240	789240	對你不重點
789240	791240	不重點根據心理解決物體能力
791240	792240	有這叫結果
792240	793240	你的結果
793240	794240	就目前孩子的不聽話
794240	795240	證明網路判例
795240	796240	跟你講話沒禮貌
796240	797240	不證重你
797240	798240	一同一心只要結果
798240	799240	那我現在已經想說
799240	800240	我人生沒有了結果
800240	802240	還是已經長大多一隻的目標
802240	804240	所以要結果這樣聽懂嗎
804240	805240	那以心理解決的研究
805240	806240	這真的不重要
806240	808240	我們應該不要動
808240	809240	要去看好說
809240	810240	為什麼這個結果
810240	811240	最心理解決的研究
811240	813240	結果的前身是行為
813240	816240	因為我孩子有自律的行為
816240	818240	那他有負責任的態度
818240	819240	那你這樣孩子現在
819240	820240	有懂得什麼叫自律
820240	822240	那也沒有負責任性的態度
822240	824240	所以行為不大
824240	826240	但是這場的
826240	827240	我可以保證你孩子
827240	828240	從現在開始到長大
828240	830240	還會不斷地判錯給你看
830240	832240	就像現在三四十倍
832240	833240	你還不是在判錯嗎
833240	835240	所以你當爸媽的責任
835240	836240	就是孩子判錯的時候
836240	838240	他會去教育他
838240	840240	然後去年他可以獨立世界
840240	841240	學會解決問題的
841240	843240	類似未必有加持的
843240	844240	所以會不會教小孩
844240	846240	就是行為不當的時候
846240	848240	這裡的關鍵領在這裡
848240	850240	那這種我們會教小孩
850240	851240	家長跟未教小孩
851240	852240	查在這裡他在哪裡
852240	854240	就是我們會想盡辦法
854240	856240	去跟孩子溝通互動
856240	857240	去年他獨立思考
857240	859240	知道什麼解決問題
859240	861240	可是那個比較會教小孩的小孩
861240	862240	別教小孩的家長是
862240	863240	剛開始會跟他溝通
863240	865240	溝通到了壯強之後
865240	866240	他也沒有再去找辦法
866240	867240	他就用這一招
867240	869240	我再跟你講最有意思
869240	871240	我主要是
871240	872240	如果你想補高
872240	873240	可以有手機關起來
873240	874240	給我試看看
874240	875240	一二
875240	876240	他慢慢講
876240	877240	關起來就
877240	878240	你得到你要得了結果
878240	880240	變得通話董事對不對
880240	881240	那我請問你
881240	882240	當他用這一招
882240	883240	一二三三二一
883240	885240	恐懼為情緒樂手恐懼他
885240	886240	你的到你要得了
886240	887240	都要解釋
887240	889240	一教育成功的
889240	890240	二
890240	891240	還是教訓成功的
891240	892240	請問老師
892240	893240	一來是二
893240	894240	二
894240	895240	教訓成功
895240	896240	因為他他被修理
896240	898240	照片和演出知道嗎
898240	899240	那有沒有聽過
899240	901240	小鐘看不見
901240	903240	十年摩一見
903240	904240	他大概這樣
904240	905240	跟你教訓的十年之後
905240	906240	你知道發生什麼事嗎
906240	907240	你再教訓看看
907240	908240	他就
908240	909240	叫什麼叫
909240	911240	我才這樣玩得很好
911240	912240	你是不是知道
912240	914240	我數已經看過了啦
914240	915240	反正死了
915240	916240	一直念 念什麼念
916240	917240	我為什麼
917240	918240	因為他這十年學到一件事情
918240	919240	因為脾氣被打
919240	921240	就被控制被打
921240	922240	情緒也放鬆
922240	924240	就比較產生害怕
924240	926240	所以你孩子就用這樣方式在對待
926240	928240	因為他一直在這十年當中
928240	930240	感受到這件事情沒有為意
930240	931240	所以
931240	932240	教訓家的後果
932240	933240	就會自食其固
933240	934240	有聽懂
934240	935240	我們在講什麼嗎
935240	936240	所以說
936240	937240	家常那麼
937240	938240	老師
938240	939240	那到底要怎麼教啦
939240	940240	怎麼教
940240	941240	我想告訴你
941240	942240	我們還在這裡
942240	943240	跟正經當討喔
943240	945240	結果的問題是跟行為有關係
945240	947240	那行為有關係要怎麼教
947240	948240	大家注意聽喔
948240	949240	大家有沒有聽過
949240	951240	說學靈型的教練
951240	952240	有重要的聽過嗎
952240	953240	好
953240	954240	你還是一定不是學靈型
954240	955240	我知道
955240	957240	我只要分析這件事情
957240	958240	學靈型這樣
958240	959240	很重要的原因就是
959240	960240	因為孩子在學靈前
960240	961240	是大腦黃金起
961240	963240	你找大家去年唐
963240	965240	他大腦的腦神經發股
965240	966240	就特別快
966240	967240	特別好
967240	968240	那他一定會在學靈前之後
968240	969240	大腦腦神經的
969240	970240	所發展速度
970240	971240	大概是七歲
971240	972240	有發展速度的可能是
972240	974240	速百倍速前輩喔
974240	975240	所以說
975240	976240	你在學靈前好處
976240	977240	還有學靈大跟他互動
977240	979240	他可能長大之後
979240	981240	他的經反應就特別好
981240	982240	數學壹劫特別強
982240	984240	專注於特別啟動
984240	985240	情緒的穩定
985240	987240	所以學靈型在訓練
987240	988240	大腦的發展能力
988240	989240	學習能力
989240	991240	那我這樣要派出的
991240	993240	各位多人都是年輕的爸爸
993240	994240	你以前當生小孩
994240	995240	當生小孩的時候
995240	996240	你的爸爸媽媽
996240	997240	有沒有跟妳講過這件事情
997240	998240	你哪吼
998240	999240	別這樣
999240	1000240	你開始踩走路可以嗎
1000240	1001240	讓他多懷疑
1001240	1002240	聽到沒有
1002240	1003240	有聽過嗎
1003240	1004240	你看
1004240	1005240	有人在片頭對
1005240	1006240	阿老人家各位
1006240	1007240	怎麼在告訴你
1007240	1008240	因為他心裡的時候
1008240	1009240	是底腹跟身體
1009240	1010240	才能接觸
1010240	1012240	唯一是吃雞大腦的身經
1012240	1014240	神經緣被吃雞長聽神經吐出
1014240	1015240	所以
1015240	1017240	想做多懷疑的小朋友
1017240	1018240	就一直吃雞腦神經
1018240	1019240	那時候吃雞的
1019240	1021240	比較天下的是專注於顧悶
1021240	1022240	所以想做
1022240	1024240	爬太少的小孩子長大
1024240	1025240	比較容易不分行
1025240	1027240	就會動漸漸
1027240	1029240	所以原來小說的發展能
1029240	1030240	學靈型的每個訓練
1030240	1032240	都會影響他長大的腦
1032240	1033240	唯一的問題
1033240	1034240	好
1034240	1035240	那這聽過了沒關係
1035240	1036240	現在你懂這個
1036240	1037240	能對你順利
1037240	1038240	順利的自信
1038240	1039240	現在阿老人說
1039240	1040240	大腦
1040240	1041240	別狂驚
1041240	1043240	現在正在迎接他
1043240	1046240	大腦第二行經體叫做青春起
1046240	1048240	青春起就是要訓練孩子
1048240	1049240	未來出個社會
1049240	1050240	有沒有目標
1050240	1051240	也沒有夢想
1051240	1052240	會不會解決問題
1052240	1054240	青春起放在土著飛化
1054240	1055240	那怎麼叫青春起
1055240	1057240	根據心理學靈舊
1057240	1059240	青春起一個可以檢針
1059240	1062240	第二個黃金十年
1062240	1065240	所以十一歲的小朋友開始進入青春起
1065240	1067240	所以以臺灣的教育
1067240	1069240	他開始小事小孩進入青春起
1069240	1071240	那青春起就一個特色
1071240	1072240	什麼特色
1072240	1074240	我這名我自己是可以決定
1074240	1075240	去忍真的
1075240	1078240	那我想說我根本就幹嘛
1078240	1080240	你們先不要幫我嗎
1080240	1081240	你們發現孩子
1081240	1082240	就開始動政黨不出來了
1082240	1083240	他們是故意了
1083240	1085240	所以他進入青春起
1085240	1087240	那在青春起的時候
1087240	1090240	他的想法跟決定不一定是對的
1090240	1092240	所以我們當爸媽的這個時候
1092240	1094240	就看到他在青春起行為
1094240	1095240	不當的時候
1095240	1097240	我們就是開始要去教育他
1097240	1122240	引導他思考
1122240	1123240	你自己還是在小飛
1123240	1124240	你的時候
1124240	1127240	他會經過成長當中
1127240	1129240	一直爸爸媽媽
1129240	1130240	又問你給他
1130240	1131240	去那思考
1131240	1132240	又問你給他
1132240	1133240	去那起就問你
1133240	1134240	溝通股東
1134240	1136240	讓他前的A子發展出
1136240	1138240	神經網路解決辦法
1138240	1140240	他就發展了一來業力級
1140240	1142240	那今天
1142240	1144240	如果前的A發展比較好的人
1144240	1146240	他就會比較容易
1146240	1147240	獨立思考解決問題
1147240	1148240	甚至會控制
1148240	1149240	那個小惡夢的情緒
1149240	1150240	不要暴衝
1150240	1152240	直到前的惡業
1152240	1153240	那麼性能在哪裡
1153240	1155240	性能在後腦熟進去
1155240	1157240	大概靠近大腦的位置
1157240	1159240	那性能是在管什麼的
1159240	1160240	在管每一個
1160240	1161240	每天生活當中
1161240	1163240	看到聽到感覺到的
1163240	1164240	每一個訊息的感受
1164240	1165240	一束進去
1165240	1167240	他馬上有情緒反射
1167240	1168240	就跟性能的結束
1168240	1169240	結束就跑
1169240	1170240	情就出來
1170240	1172240	就出來
1172240	1173240	所以說
1173240	1174240	青春起的小朋友
1174240	1175240	搞這兩個地方
1175240	1177240	發展的特別發達
1177240	1179240	那這時候就要看你會不會教下來
1179240	1181240	如果你在教下來的時候
1181240	1182240	都是教育他
1182240	1183240	去那思考
1183240	1185240	他前的A發展的非常大
1185240	1186240	非常大
1186240	1187240	性能的就比較少的生氣
1187240	1188240	就很像
1188240	1189240	那你不會教下來
1189240	1190240	我再跟你講
1190240	1191240	我再跟你講
1191240	1192240	如果他教下來
1192240	1193240	就要懂事
1193240	1194240	那你跟青春
1194240	1195240	他不會懂事
1195240	1197240	他就會這樣
1197240	1198240	那這時候
1198240	1199240	請問在青春
1199240	1201240	請可以來世紀的
1201240	1202240	性能不可
1202240	1203240	什麼樣的老科學家
1203240	1204240	就去過研究
1204240	1205240	一個大人
1205240	1206240	或小朋友
1206240	1207240	很愛生氣
1207240	1208240	很愛生氣
1208240	1209240	幫我小朋友
1209240	1210240	把他去做電腦
1210240	1211240	半成小孩
1211240	1212240	對看到請的也特別
1212240	1213240	他們的
1213240	1214240	性能不特別難過
1214240	1216240	那請的也都比較稀鬆
1216240	1217240	那如果把我這種
1217240	1218240	請去管理
1218240	1219240	比他還是
1219240	1220240	你們比較好的
1220240	1221240	把你電腦
1221240	1222240	都發現
1222240	1223240	性能不比較小
1223240	1225240	請的也比較生長
1225240	1226240	就是因為
1226240	1227240	成長當中
1227240	1228240	你教育他
1228240	1229240	是在訓練請的
1229240	1230240	你教訓他
1230240	1231240	是在吃去性能和
1231240	1232240	這樣聽懂
1232240	1233240	這個國際的
1233240	1234240	有聽懂的話
1234240	1235240	所以就知道說
1235240	1236240	教育有多重要
1236240	1237240	可是我大概想到說
1237240	1238240	還是那個
1238240	1239240	在親身上
1239240	1240240	想要證明自己
1240240	1241240	是對的
1241240	1242240	他真的沒有錯
1242240	1243240	可是你自己
1243240	1244240	沒有成長自己
1244240	1245240	我剛剛才說教他生長
1245240	1246240	比如說嘴裡
1246240	1247240	有意思嗎
1247240	1249240	你今天
1249240	1250240	他都不去不去
1250240	1251240	就把他脫去
1251240	1252240	就把他這樣
1252240	1253240	糟糕
1253240	1255240	我們心要繳來一切
1255240	1256240	可是你告訴他
1256240	1257240	他不怪
1257240	1258240	不是
1258240	1259240	就是因為他現在
1259240	1261240	而你想要決定自己的人生
1261240	1262240	可是因為他搞不清楚
1262240	1263240	放下
1263240	1264240	那我們就要去引導他
1264240	1265240	而我們是長
1265240	1266240	就是說你以為
1266240	1267240	你心要生什麼氣
1267240	1268240	要不然再舉一個例子
1268240	1269240	親身起來
1269240	1270240	好的特別大
1270240	1271240	特別快
1271240	1272240	你看他一回頭
1272240	1273240	不能穿過
1273240	1274240	你就跑起
1274240	1275240	一逛街
1275240	1276240	隨便買兩件
1276240	1277240	那你這個我逛街
1277240	1278240	要買給你的
1278240	1279240	他還看
1279240	1280240	瞎爆了
1280240	1281240	誰要穿這個
1281240	1282240	那你的休息又受傷
1282240	1283240	不是這樣
1283240	1285240	你也太過癮心了吧
1285240	1286240	你看
1286240	1287240	我都講到
1287240	1288240	傻的心身高了
1288240	1289240	所以放鬧
1289240	1290240	他真的很高傻
1290240	1291240	他也不是故意的
1291240	1292240	因為他這個年紀的傻
1292240	1293240	就這樣子
1293240	1294240	可是你自己
1295240	1296240	沒禮貌
1296240	1297240	我買給你東西
1297240	1298240	來講講話
1298240	1299240	其實是你自己
1299240	1308240	沒禮貌
1308240	1309240	所以說
1309240	1310240	原來
1310240	1311240	我們是家產
1311240	1312240	到多學習
1312240	1313240	跟孩子溝通
1313240	1314240	互動
1314240	1315240	然後在溝通當中
1315240	1316240	訓他鼓勵
1316240	1317240	思考級的問題
1317240	1318240	這樣你聽懂了
1318240	1319240	好聽懂你
1319240	1321240	我剛剛講的說
1321240	1322240	手機這件事情對不對
1322240	1323240	那這件事情
1323240	1324240	是一般家產
1324240	1325240	未來你可能會發生
1325240	1326240	千萬不要在溝通
1326240	1327240	我是
1327240	1328240	來聽看看
1328240	1329240	我怎麼叫小孩的
1329240	1330240	我兩個兒子
1330240	1331240	當你要手機
1331240	1332240	我怎麼跟他溝通了
1332240	1333240	來聽看看
1333240	1334240	我會溝水
1336240	1337240	我們先呼籍一下
1337240	1338240	我剛剛說
1338240	1339240	溝通那麼氣壽
1339240	1340240	是怎麼還氣了嗎
1340240	1342240	先講話
1342240	1343240	你先講一講
1343240	1344240	溝通其實都是什麼
1344240	1345240	先講一講
1345240	1346240	再講一講
1346240	1347240	再說自己想說的
1347240	1348240	對不對
1348240	1349240	我兒子當你說
1349240	1350240	爸
1350240	1351240	我想去手機
1351240	1351740	你知道不懂嗎
1351740	1352740	我看著他眼睛
1352740	1353740	眼睛螢幕
1353740	1355740	我兒子當秀小孩給你
1355740	1357740	你先表演他想聽
1357740	1359740	你為什麼要講一講
1359740	1361740	他才會情緒爆鬆
1361740	1363740	你一直拒絕他會爆鬆
1363740	1364740	我邊聽看一下
1364740	1365740	你這像他女生
1365740	1366740	跟老婆一樣的東西
1366740	1367740	老婆拒絕你是不是心情不好
1367740	1368740	老婆跟老婆
1368740	1369740	跟老婆一樣的東西
1369740	1370740	老婆拒絕你是不是心情不好
1370740	1371740	都是一樣的嘛
1371740	1372740	所以要先處理情緒嘛
1372740	1374740	我早就想來給你了
1374740	1375740	你知道嗎
1375740	1376740	跟說不知道
1378740	1379740	那不知道
1379740	1380740	那我問你
1380740	1382740	你知道為什麼每個人都不知道
1382740	1383740	那我說沒關係
1383740	1385740	也不知道我告訴你為什麼
1385740	1386740	這時候他一定不會升級
1386740	1387740	他一定會講
1387740	1388740	聽為什麼
1388740	1389740	那我們在教小孩的時候
1389740	1390740	其實這樣講故事
1390740	1392740	不要一直講大根
1392740	1394740	大道理派也聽不進去
1394740	1395740	那講故事的時候
1395740	1396740	其實這樣是講
1396740	1398740	社會輿論他看得到的
1398740	1399740	還是生活大功
1399740	1400740	他見過的
1400740	1401740	不要一直針對他講
1401740	1402740	因為你針對他講
1402740	1403740	他會覺得你在批評我
1403740	1404740	這樣聽懂嗎
1404740	1405740	因為青春起的小孩
1405740	1407740	就不想被他批評
1407740	1408740	所以你要修正面溝通
1408740	1409740	你不是
1409740	1410740	而是
1410740	1411740	那你們知道可以講為什麼
1411740	1412740	而說好
1412740	1413740	大功是一個
1413740	1414740	王晴你知道吧
1414740	1415740	他也知道
1415740	1416740	他是我從
1416740	1417740	要照同志經驗的
1417740	1418740	王晴來共識標負責
1418740	1420740	他爸爸拓展業務的
1420740	1421740	那如果王晴
1421740	1422740	有一定跟我說
1422740	1423740	一老師
1423740	1425740	我喜歡跟你身體三十萬的清妃
1425740	1426740	那我聽問他為什麼
1426740	1427740	他跟我說
1427740	1428740	他要用這個比清妃
1428740	1429740	去幫公司衝照
1429740	1430740	兩百萬的業績
1430740	1432740	他就拿來要求
1432740	1433740	因為我現在教育我的時候
1433740	1434740	我就說他說
1434740	1435740	王晴你還說
1435740	1436740	要成十萬
1436740	1437740	要他公司衝突兩袍的業績
1437740	1438740	你覺得要不要
1438740	1439740	要不要上大英大
1439740	1440740	真的嗎
1440740	1441740	不要啊
1441740	1442740	你怎麼要請給我女孩子啊
1442740	1443740	又是居家的誰
1443740	1444740	為什麼要當女朋友啊
1444740	1445740	因為我怎麼知道
1445740	1446740	挺正在講這樣的
1446740	1447740	我說對
1447740	1448740	你相對
1448740	1449740	跟爸爸相對一樣
1449740	1450740	可是爸爸
1450740	1452740	很想做聽事情哦
1452740	1453740	因為我把他找來公司
1453740	1454740	當經歷
1454740	1455740	當天是希望
1455740	1456740	要幫公司開發業務啊
1456740	1457740	突然到業績
1457740	1458740	他也看到獎金啊
1458740	1460740	所以我會想這樣做哦
1460740	1461740	可是他聽這個想法
1461740	1463740	我會擔心他沒做好
1463740	1464740	那你覺得我應該
1464740	1465740	怎麼跟他互動
1465740	1466740	不知道
1466740	1467740	我不知道我才教他
1467740	1468740	因為他去那四個
1468740	1469740	不能讓我告訴你
1469740	1470740	我一直發現就是
1470740	1472740	叫他去寫一份計劃書給我看
1472740	1473740	因為我看看
1473740	1474740	計劃書寫的內容
1474740	1475740	對不對是不是
1475740	1476740	那爸爸擔心的問題
1476740	1477740	看不思考到
1477740	1478740	因為爸爸
1478740	1479740	別近比他更厲害
1479740	1480740	他說有道理
1480740	1481740	對我覺得他去計劃書
1481740	1483740	那他去計劃書之後呢
1483740	1484740	寫完給我一看
1484740	1485740	我看完覺得
1485740	1486740	不是很難以
1486740	1487740	因為有很多
1487740	1488740	爸爸擔心的事情
1488740	1489740	他都沒想到
1489740	1491740	請問你現在怎麼辦
1491740	1493740	要他再重寫啊
1493740	1494740	對
1494740	1495740	沒錯
1495740	1496740	就他再重寫
1496740	1497740	我再重寫一下
1497740	1499740	你的腦筋真的很好
1499740	1500740	是跟做老闆想法是一樣
1500740	1501740	非常好
1501740	1502740	我去教他重寫
1502740	1504740	而是不是重寫來為幾次之後
1504740	1505740	我覺得他寫得非常好
1505740	1506740	我擔心的事情
1506740	1507740	他都想到
1507740	1508740	我真的沒想到
1508740	1509740	答應他囉
1509740	1511740	那我再問你下一問題
1511740	1512740	如果真的答應他
1512740	1513740	把三孫問給他
1513740	1515740	他去做他的計劃
1515740	1517740	那從那一天開始
1517740	1518740	我就不要把這件事情的
1518740	1519740	還是我去
1519740	1520740	監督這件事情
1520740	1521740	一年的
1521740	1522740	他所有的都寫了
1522740	1523740	都沒照顧
1523740	1524740	你決定該符合
1524740	1525740	他們都盡度他
1525740	1526740	他們不讓他脫了
1526740	1527740	沒做怎麼辦
1527740	1528740	你說答對的
1528740	1530740	你的腦筋跟爸爸一樣
1530740	1531740	是做老闆的量
1531740	1532740	知道嗎
1532740	1533740	我說對
1533740	1535740	所以回來我就想盡度他
1535740	1536740	他中間有一些做不對
1536740	1537740	他就
1537740	1538740	去跟他溝通
1538740	1539740	請他改正
1539740	1540740	回來果然
1540740	1541740	做到業績
1541740	1542740	他知道他想聽我做到寫
1542740	1543740	這故事講完
1543740	1544740	就他說
1544740	1545740	我剛剛說
1545740	1546740	我早就想拿手機
1546740	1547740	就想放在手機
1547740	1548740	給你對不對
1548740	1549740	好對
1549740	1550740	那你現在知道
1550740	1551740	我為什麼在那邊
1551740	1552740	給你拿
1552740	1553740	我知道
1553740	1554740	你先放包給你
1554740	1555740	對
1555740	1556740	你去寫一下
1556740	1557740	讓爸爸會擔心什麼
1557740	1559740	去寫一下
1559740	1560740	這樣他去
1560740	1561740	因為他思考
1561740	1562740	還是對的
1562740	1563740	不然他怎麼知道
1563740	1564740	我們在寫什麼
1564740	1565740	他就覺得你想太多了
1565740	1566740	所以他就去寫
1566740	1567740	那喜歡之後
1567740	1568740	一開始你寫
1568740	1569740	亂七八糟
1569740	1570740	因為小孩子根本不寫
1570740	1571740	亂七八糟
1571740	1572740	那我就在運到他
1572740	1573740	我覺得
1573740	1574740	有多地方
1574740	1575740	爸爸擔心的民眾運到
1575740	1576740	如果你
1576740	1577740	真的想要買手機
1577740	1578740	把他再認真一點
1578740	1579740	可以吧
1579740	1580740	他這個說一定說好
1580740	1581740	因為他會有請
1581740	1582740	他會問你
1583740	1584740	所以你只要想要
1584740	1585740	把問題都給他寫
1585740	1586740	你給不是我去幫他寫
1586740	1587740	不是我可以講
1587740	1588740	我還硬喔
1588740	1589740	你要注意喔
1589740	1590740	你又不可以
1590740	1591740	你去把他過幾分鐘
1591740	1592740	爸爸要說寫
1592740	1593740	好
1593740	1594740	結果都是你
1594740	1595740	說不是他說的
1595740	1596740	他光沒看那麼近
1596740	1597740	所以呢
1597740	1598740	我就去寫他思考
1598740	1599740	最後
1599740	1600740	他動你把
1600740	1601740	爸爸寫好的
1601740	1602740	其實
1602740	1603740	他說
1603740	1604740	我去你臭爸
1604740	1605740	你跟我在思考
1605740	1606740	什麼解決問題
1606740	1608740	爸爸擔心每一件事
1608740	1609740	你就想到了
1609740	1610740	而且你都把
1610740	1611740	寫解放他想到了
1611740	1613740	我真的要買給你
1613740	1614740	很多興奮
1614740	1615740	我說可是要買給你之前
1615740	1616740	還有最後一件
1616740	1617740	請你往那邊溝通一下
1617740	1618740	他說好
1618740	1619740	你說
1619740	1620740	直接到
1620740	1621740	好不是
1621740	1622740	好
1622740	1624740	我給你大胖
1624740	1625740	好
1625740	1626740	我說
1626740	1627740	我就跟他說
1627740	1628740	來
1628740	1629740	這件事明要寫
1629740	1630740	跟那隻說
1630740	1631740	你知道爸爸為什麼要寫
1631740	1632740	你做這麼多事
1632740	1633740	他都不知道
1633740	1634740	我說
1634740	1636740	因為我在訓練你整個我合作
1636740	1637740	因為
1637740	1638740	我們人
1638740	1640740	就是取決的動物
1640740	1641740	現在你開始學習
1641740	1643740	跟爸爸怎麼合作
1643740	1644740	那你除了社會
1644740	1645740	也要跟別人合作
1645740	1646740	爸爸可以當老闆
1646740	1647740	是因為
1647740	1648740	我可以訓練別人
1648740	1649740	跟我合作
1649740	1650740	他合作你開心
1650740	1651740	我也得到
1651740	1652740	一樣
1652740	1653740	所以說
1653740	1654740	我訓練你這麼多
1654740	1655740	就要教你
1655740	1656740	怎麼跟大家合作
1656740	1657740	你去學校
1657740	1658740	可能會幫你老師合作
1658740	1659740	你看你們班上成立
1659740	1660740	對的時候
1660740	1661740	做實驗做不好
1661740	1662740	也要合作
1662740	1663740	所以這個社會上
1663740	1664740	學會合作
1664740	1665740	這件事很重要
1665740	1666740	你才有機會
1666740	1667740	當領導人物
1667740	1668740	如果是
1668740	1669740	這樣訓練你的
1669740	1670740	好不懂
1670740	1671740	好那接著
1671740	1672740	我剛剛看第二個問題
1672740	1673740	那你知道
1673740	1674740	你知道
1674740	1675740	為什麼爸爸
1675740	1676740	每一年
1676740	1678740	都會看你出過語容嗎
1678740	1679740	他都不知道
1679740	1680740	我說很簡單
1680740	1681740	因為我愛你
1681740	1683740	那如果想要打開你的演藉
1683740	1685740	讓你看看這個世界
1685740	1686740	因為這個世界
1686740	1687740	越多秀的人是
1687740	1688740	對這個世界看法
1688740	1689740	是不一樣的
1689740	1691740	不會繼續在一個空間而已
1691740	1692740	只要打開你的世界
1692740	1693740	所以我因應每年
1693740	1694740	擔心出國好幾次
1694740	1695740	你看
1695740	1696740	去做演藉
1696740	1697740	三萬這五萬八萬都不配合
1697740	1698740	我突然沒去
1698740	1699740	可是
1699740	1700740	那是因為我愛你
1700740	1701740	這樣你聽懂了嗎
1701740	1702740	他說懂
1702740	1703740	那我記得問說
1703740	1704740	那我問你問你
1704740	1705740	你如果
1705740	1706740	你的班長有一個人
1706740	1707740	很久
1707740	1708740	那他們
1708740	1709740	是平
1709740	1710740	一起平穩好了
1710740	1711740	那可能都沒有錢
1711740	1712740	去出國語容
1712740	1713740	你覺得爸爸
1713740	1714740	可能會有
1714740	1715740	我會有一天
1715740	1716740	突然可以說
1716740	1717740	兒子
1717740	1718740	你本來也沒在那裡
1718740	1719740	很喜歡同學
1719740	1720740	今天我還去冬天
1720740	1721740	你自己心打帶來
1721740	1722740	你覺得爸爸
1722740	1723740	會做這個事嗎
1723740	1724740	我會
1724740	1725740	我說他對我什麼會
1725740	1726740	因為他不行
1726740	1727740	當是我兒子
1727740	1728740	但是
1728740	1729740	我可能
1729740	1730740	他沒飯吃
1730740	1731740	爸爸會暈暫住他
1731740	1732740	跟給他飯吃
1732740	1733740	沒問題
1733740	1734740	因為爸爸這個小型
1734740	1735740	沒有話
1735740	1736740	大型不太可能
1736740	1737740	因為他不是我兒子
1737740	1738740	所以我再一次告訴你
1738740	1739740	因為你是我兒子
1739740	1740740	我愛你
1740740	1741740	做我才做這個事情
1741740	1742740	所以
1742740	1743740	你現在在家裡面
1743740	1744740	你看
1744740	1745740	跟弟弟一個一個房間
1745740	1746740	那是我拍
1746740	1748740	所以我想
1748740	1749740	給你一個房間
1749740	1750740	但你們會想寫過
1750740	1751740	各盤的
1751740	1752740	不是人氣打開你玩機
1752740	1753740	跟爸爸會講
1753740	1754740	那是我愛你
1754740	1755740	知道嗎
1755740	1756740	所以這個手機
1756740	1757740	爸爸會買給你
1757740	1758740	也是我愛你
1758740	1759740	所以這些都是因為我愛你
1759740	1760740	所以這些都是因為我愛你
1760740	1761740	所以我因為買給你用
1761740	1762740	但是
1762740	1763740	剛剛那講的
1763740	1764740	房間
1764740	1765740	人氣
1765740	1766740	家的電視
1766740	1767740	這次手機
1767740	1768740	都是我的
1768740	1770740	是我買給你用的
1770740	1771740	怎麼聽懂嗎
1771740	1772740	他說
1772740	1773740	聽懂了
1773740	1774740	這個關於你
1774740	1775740	要給孩子
1775740	1776740	那
1776740	1777740	我就告訴他說
1777740	1779740	所以我買手機給你的
1779740	1780740	這次手機是我的
1780740	1781740	不是你的
1781740	1782740	但是
1782740	1783740	只是因為
1783740	1785740	因為你寫的寄發書寫得很好
1785740	1786740	那你都做到了
1786740	1787740	所以我願意給你用
1787740	1789740	那你用就像我講
1789740	1790740	這個經理的不是一樣
1790740	1791740	他在
1791740	1792740	不是用東西
1792740	1793740	都是爸爸的
1793740	1794740	剛剛說我的不是他做
1794740	1795740	那是因為他配合很好
1795740	1796740	跟我合作很好
1796740	1797740	所以我一提工的東西
1797740	1798740	給他用
1798740	1799740	這個手機上
1799740	1800740	反正這樣
1800740	1801740	大家要用這個正確關於你知道嗎
1801740	1802740	那我去看講
1802740	1803740	說如果你願意的話
1803740	1804740	好
1804740	1805740	那等一下我去買手機
1805740	1806740	那買手機之後
1806740	1807740	就麻煩你造型
1807740	1809740	你寫的寄發贊助
1809740	1810740	那如果真的萬一
1810740	1811740	你忘記了
1811740	1812740	爸爸會寫寄寄寄寄寓
1812740	1814740	你上寄寄的寄發不是這樣做
1814740	1816740	你今天好像
1816740	1817740	太久了
1817740	1818740	不要自己挑戰一下
1818740	1819740	我一提心
1819740	1820740	那我提心很多次之後
1820740	1821740	如果你都不理我
1821740	1823740	我就把手機收回來
1823740	1825740	你也這手機是無
1825740	1826740	不是你的
1826740	1827740	你可以接受嗎
1827740	1828740	合你
1828740	1829740	合你
1829740	1830740	合你
1830740	1831740	合你
1831740	1832740	合你
1832740	1833740	合你
1833740	1834740	合你
1834740	1835740	合你
1835740	1836740	合你
1836740	1837740	合你
1837740	1838740	合你
1838740	1839740	合你
1839740	1840740	合你
1840740	1841740	合你
1841740	1842740	合你
1842740	1843740	合你
1843740	1844740	合你
1844740	1845740	合你
1845740	1846740	合你
1846740	1847740	合你
1847740	1849740	合你
1849740	1850740	合你
1850740	1851740	合你
1851740	1852740	合你
1852740	1853740	合你
1853740	1854740	合你
1854740	1855740	合你
1855740	1856740	合你
1856740	1857740	合你
1857740	1858740	合你
1858740	1859740	合你
1859740	1860740	合你
1860740	1861740	合你
1861740	1862740	合你
1862740	1863740	合你
1863740	1864740	合你
1864740	1865740	合你
1865740	1866740	合你
1866740	1867740	合你
1867740	1868740	合你
1868740	1869740	合你
1869740	1871740	合你
1871740	1872740	合你
1872740	1878420	我問你,你去在公司上班,你在公司會的給你一些上班的規矩,會嗎?
1878420	1882420	你在教師上課,班上有沒有班規,也有班規啊?
1882420	1885220	到社會上有沒有社會的法律規,也有啊?
1885220	1887300	價廷廷也規矩有什麼不對?
1887300	1889940	只是你一定的規矩很簡單,你就依照你喜歡,
1889940	1891860	你二十六十萬,規矩完規大家都不喜歡,
1891860	1893980	你應該自己洗身去聊你。
1893980	1896820	只是我們講的是比較觀念上的規矩,
1896820	1898500	而不是事物上的規矩,
1898500	1900740	你快硬綁了,事情就改變了,
1900740	1902900	那為什麼你用去拿一下?
1902900	1904740	結果好,不重要,
1904740	1906340	重要是行為對不對,
1906340	1908100	但行為不對要教育他,
1908100	1909980	教育他的時候不是教訓他,
1909980	1910940	那為什麼教育他?
1910940	1914900	因為行為學研究,行為會改變的原因是因為,
1914900	1916020	在我心裡一直走一路,
1916020	1919660	我那一個人是想法正確,
1919660	1922180	思維健康正面的,
1922180	1924580	就會控制自己的行為,
1924580	1926420	結果就會變化,
1926420	1928940	所以我花這麼多時間講這一段年輕,
1928940	1930460	就是我還是想說,
1930460	1933220	我就是用這種方式引導他思考,
1933220	1934380	面對自己的問題,
1934380	1936180	如何解決,跟我合作,
1936180	1937980	看看,我配合理念,
1937980	1938900	他配合我,
1938900	1940580	大概你心我願合作,
1940580	1943100	那你想法健康的正確,
1943100	1944500	你當然行為正確,
1944500	1946460	就可以成為一個大的目,
1946460	1948380	有去懂得再講什麼嗎?
1948380	1949860	可是大家都做家常常,
1949860	1950940	我非常營養之前,
1950940	1952100	你都不懂這個概念,
1952100	1953420	你會覺得說,
1953420	1955460	我可以講去做出這個啦!
1955460	1957100	對,你都是聽你的話去做的,
1957100	1959540	沒錯,可是他腦子沒在想,
1959540	1961220	所以最後你還是會等一個病,
1961220	1962820	再都空氣不病,
1962820	1963980	怎麼樣空氣進,
1963980	1965540	有太多家常來照顧到的事,
1965540	1966540	我還是現在不高充了,
1966540	1967860	問他學校考了一件,
1967860	1968820	不知道,
1968820	1970220	問他興趣怎麼不知道,
1970220	1971220	按摩什麼夢想,
1971220	1971980	不知道,
1971980	1972860	什麼都不知道,
1972860	1973980	告訴我都不知道,
1973980	1975020	然後結果問他說,
1975020	1976220	那你晚餐想吃什麼,
1976220	1976740	不知道,
1979220	1981780	因為你聽他訓練他的時候,
1981780	1984420	都沒有訓練他好跟你講話,
1984420	1985460	隨便,好,
1985460	1986140	不知道,
1986140	1987460	再說,給你等,
1987460	1988420	我還是上班講話,
1988420	1990220	他就滿煩大的,
1991220	1992300	因為比如說,
1992300	1993380	你們家裡也會開我,
1993380	1995140	有時候他也滿不會開我,
1995140	1996780	那可能因為你也滿,
1996780	1998140	我會去你的過程時說,
1998140	1998620	欸,爸爸,
1998620	1999700	其實他晚上有英雄哦,
1999700	2000300	要吃什麼,
2000300	2001140	他會說,
2001140	2002140	我等一下去買甜品時,
2002140	2003420	我叫出去一手了,
2003420	2004340	他跟我說不知道,
2004340	2005020	我就不理他,
2005020	2005580	我就走了,
2005580	2006180	走,走,你不知道,
2006180	2006860	你懂我嗎?
2006860	2007620	反正他這一輩子
2007620	2008460	最討厭的時代,
2008460	2009900	你拿什麼?
2009900	2010620	你會說,
2010620	2011660	你真的!
2011660	2012180	等一下,
2012180	2012980	你要這麼大聲,
2012980	2015500	我們到底下等...
2015500	2016340	20分鐘前,
2016340	2017740	我問你要吃什麼你說什麼?
2017740	2018540	不知道,
2018540	2020380	不知道出我決定,
2020380	2022060	所以你沒有什麼群人要生氣的,
2022060	2023780	因為你自己不好講話,
2023780	2024980	你要問你的人是負責的,
2024980	2025740	你聽到沒有?
2025740	2026580	哦!
2026580	2027060	要給他嗎?
2027060	2027380	吃什麼,
2027380	2028260	講得超清楚的,
2028260	2029060	好,要吃什麼,
2029060	2030060	然後不要加那氣的哦,
2030060	2031260	覺得阿陸這家名賣高,
2031260	2032260	要買什麼,
2032260	2034100	好,很清楚,非常好,
2034100	2036100	哈哈!
2037140	2038500	我又情緒都是補他,
2038500	2040860	我實在是他為自己人生負責啊,
2040860	2042060	去那奴隸十分好,
2042060	2043260	你再講話啊,
2043260	2045020	有情緒不再講什麼嗎?
2045020	2047460	所以說,如果你還是現在不善意過的哦,
2047460	2048420	我也給他互動,
2048420	2051900	其實都是你的教會造成的,
2051900	2053220	那可是也不能怪你,
2053220	2055260	是因為在原生家裡
2055260	2056700	一直疑传到現在就這樣,
2056700	2060220	所以你才能說原生家也很重要,
2060220	2061780	很重要,
2061780	2062820	很更加難做的做,
2062820	2063780	哪一只做到國中人,
2063780	2065220	他講話故意人,
2065220	2066940	而現在全民網路也不外出,
2066940	2067900	什麼都不做,
2067900	2068620	我說,
2068620	2069740	那如果上流可能裡,
2069740	2071020	他還是得了一個病,
2071020	2073580	再做樹情障來,
2073580	2074740	一個怒之頭,
2074740	2076460	他在個處之邊,
2076460	2079140	表述成肅自己心的情感給,
2079140	2081420	還是要叫做樹情障來,
2081420	2082420	現在有多佳,
2082420	2084420	他裡面的風心有流出狀況,
2084420	2085580	你不懂我舉例給你,
2085580	2086460	你就知道他,
2086460	2087740	兩夫妻吵架,
2087740	2089100	那個比較態度比較多,
2089100	2089620	他說,
2089620	2091260	老公,不要生氣了啦,
2091260	2093260	他這樣不理他,
2093260	2094860	那你去怎麼一說嗎?
2094860	2095740	不說,
2095740	2096740	你不說怎麼這樣,
2096740	2098340	去怎麼你就做一下嗎?
2098340	2098940	結婚這麼久,
2098940	2100540	你搞氣什麼嗎?
2100540	2102060	啊,你不要才會理啊,
2102060	2103500	你不會自己想啊,
2103500	2104740	我就不懂得理啊,
2104740	2106740	我不想做,
2106740	2107980	他把他老婆當事業部,
2107980	2110740	你知道嗎?
2110740	2112340	像你現在有多重大人啊,
2112340	2113100	為什麼?
2113100	2114660	因為他覺得把自己對心的情感
2114660	2116140	講出來是很優點的,
2116140	2118300	所以我不想告訴你自己想,
2118300	2120060	請問長小的出來啊,
2120060	2120980	想不出來啊,
2120980	2122620	那為什麼長小的生這個病?
2122620	2124820	一定是他小時候的女生家裡,
2124820	2125660	他想要表達他,
2125660	2127700	他爸爸就是這樣控制他,
2127700	2128660	小孩子表達你表達,
2128660	2129180	朝廷朝廷,
2129180	2130260	那怎麼了?
2130260	2131860	每次長的他對你有跟藉口,
2131860	2132700	你不要跟我講,
2132700	2133820	跟我嘴巴變臉,
2133820	2135900	去做一個該做事,
2135900	2137540	他小時候就這樣被訓練啊,
2137540	2139180	所以長大當然不敢講啊,
2139180	2141860	因為他已經在內心已經受傷了,
2141860	2143140	所以我們聽過人家講說,
2143140	2145580	內在小孩受傷的疲倦嗎?
2145580	2147220	好,如果你聽過一些生情疲倦,
2147220	2148580	他會被內在小受傷,
2148580	2151180	就是內在有疲倦的一關的自己受傷了,
2151180	2153620	那個內在小就是你的潛意事,
2153620	2155220	潛意事受傷了,
2155220	2156500	那這樣會造成那一輩子
2156500	2158940	就是各種幸福特別很奇怪,
2158940	2160460	覺得都是在對不起他,
2161460	2163700	可是這個社會講的是合作的社會,
2163700	2164700	不是嗎?
2164700	2167460	啊,你覺得該對不起人家才來給你呢?
2167460	2170460	不是,我幹嘛給你啊?
2170460	2171820	所以知道說,
2171820	2174020	原來現在對孩子講的每一句話,
2174020	2175460	做的每一件事情都會影響他,
2175460	2176460	他會來人生,
2176460	2178460	所以重新再考一次囉,
2178460	2181460	原來想法改變了,
2181460	2182460	行為就改變,
2182460	2183460	行為改變,
2183460	2185460	結果就改變,
2185460	2186460	所以如果,
2186460	2188460	我已經體會影響,
2188460	2190460	給他吃後呢,
2190460	2191460	想法不改變,
2191460	2192460	你還是原來等你,
2192460	2193460	但是我保證今天,
2193460	2194460	你講回家,
2194460	2195460	大概是一個禮拜五天,
2195460	2197460	左右有脾氣會特別好,
2197460	2198460	那現在,
2198460	2200460	一個禮拜五就過過就不行了,
2200460	2201460	為什麼?
2201460	2203460	因為你想法沒改變,
2203460	2204460	你只是聽懂的影響,
2204460	2205460	好正份人心,
2205460	2207460	那回家還是控制自己不要生氣,
2207460	2209460	可是人的身體就是可以,
2209460	2211460	請去壓力統一,
2211460	2213460	這個累積累積到第七件受不了爆炸了,
2213460	2215460	所以你們是真正想法改變,
2215460	2218460	你是在控制自己不要生氣,
2218460	2220460	可是人那有一天會爆炸知道,
2220460	2222460	那我們教學還會生氣勢,
2222460	2223460	我們完全瞭解,
2223460	2225460	還是會死到這樣子,
2225460	2227460	那我就理解他被用真的想法去引導他,
2227460	2229460	所以沒什麼好生氣的,
2229460	2231460	可是你是因為不瞭解在,
2231460	2233460	這很難,這樣理解了嗎?
2233460	2234460	所以我剛才說,
2234460	2236460	家產進步百分之一,
2236460	2238460	孩子進步百分之四,
2238460	2239460	那你關心,
2239460	2240460	因為對參考的工作,
2240460	2241460	好心理,
2241460	2242460	影響真的很好,
2242460	2243460	因為請聽懂的影響,
2243460	2244460	都可以控制五天八天,
2245460	2246460	像生意一樣,
2246460	2248460	就可以再去控制的一種受不了的學校,
2248460	2250460	我說,一般學校都好幾年,
2250460	2251460	你可能好幾年會再控制我了,
2251460	2253460	我說,沒關係,
2253460	2254460	為了幫大家,
2254460	2255460	我後來會幫大家,
2255460	2256460	真的很認真的,
2256460	2257460	美洲磁博,
2257460	2259460	所以如果你想多學點,
2259460	2261460	美洲進來聽懂磁博,
2261460	2262460	而且是免費的,
2262460	2265460	那你就等一下自己教了粉絲,
2265460	2266460	美洲聽懂磁博,
2266460	2267460	磁博主義很多福,
2267460	2268460	很豐富,
2268460	2271460	孩子的三期網路程度怎麼辦?
2271460	2272460	很厲害可以,
2273460	2274460	總理是如何掌控,
2274460	2275460	跟你的情緒,
2275460	2276460	那可能是,
2276460	2278460	情人體還是看你怎麼教,
2278460	2279460	可能是,
2279460	2281460	孩子專注力不輕鬆,
2281460	2282460	或動腰怎麼教,
2282460	2284460	這有非常多主題,
2284460	2285460	一次要來加粉絲,
2285460	2286460	看到這個內容,
2286460	2287460	我們適合你,
2287460	2288460	就趕快去幫我們,
2288460	2289460	就可以聽了,
2289460	2290460	這樣都理解吧,
2290460	2291460	OK,
2291460	2293460	好,那都理解了,
2293460	2294460	這是我一開場給大家,
2294460	2295460	要教大家說,
2295460	2296460	經濟結束的時候,
2296460	2297460	你要上學會餐廳的時候,
2297460	2298460	K,
2298460	2300460	學會專注在特別上,
2301460	2303460	那孩子知道說,
2303460	2305460	請控制情緒管理重要,
2305460	2306460	第三件事情終點來了,
2306460	2308460	要我去年還是相信自己,
2309460	2311460	因為自己什麼事都想必試了一試,
2311460	2312460	而我試下來加粉絲說,
2312460	2313460	老師,
2313460	2315460	我還是學英文學三級的
2315460	2316460	英語學四年了,
2316460	2317460	我跟他講說,
2317460	2318460	你立即參加這個英文檢驗好不好,
2318460	2319460	不要,
2319460	2321460	老師,那今天你那音樂表演會要不要,
2321460	2322460	不要,
2322460	2323460	不要,
2323460	2324460	那我聽過你,
2324460	2325460	你不講是說,
2325460	2326460	老師說,
2326460	2327460	老師,
2327460	2328460	教孩子不要,
2328460	2329460	那都鼓勵他,
2329460	2330460	你為什麼要鼓勵他,
2330460	2331460	因為那很難,
2331460	2332460	我不要,
2332460	2333460	那我就鼓勵他,
2333460	2334460	不會啊,
2334460	2335460	你還沒有做過,
2335460	2336460	你怎麼知道我男生,
2336460	2337460	你可以去試試看看嗎,
2337460	2338460	我去到鼓勵他,
2338460	2339460	你鼓勵他,
2339460	2340460	你鼓勵他,
2340460	2341460	就把他跳更生氣,
2341460	2342460	你不會自己去的哦,
2342460	2344460	你死了一直叫我去,
2344460	2345460	老師,
2345460	2347460	為什麼鼓勵他有生氣,
2347460	2349460	罵他有生氣?
2349460	2351460	不是啦,
2351460	2352460	今天一個人更新,
2352460	2354460	比較順便的小孩,
2354460	2355460	很大的也是,
2355460	2356460	你一直鼓勵他,
2356460	2358460	你是給他太大的壓力了,
2358460	2359460	身體鼓勵方法不對,
2359460	2361460	你不希望舉個例子,
2361460	2362460	你也想要改變你的家,
2362460	2364460	像給人家也可以在20萬,
2364460	2366460	不要說是10萬好了啦,
2366460	2368460	假設你現在只在5萬、6萬,
2368460	2370460	你想可以做到10萬,
2370460	2373460	可是你個性就只要練一下,
2373460	2374460	結果呢,
2374460	2375460	你的同學,
2375460	2376460	剛好在賣跑鞋,
2376460	2377460	賣車子做繁銷,
2377460	2380460	反正就用業務工作一個人在20萬,
2380460	2381460	他就一直鼓勵你,
2381460	2383460	那你突然做跑鞋呢?
2383460	2384460	你看,做不做不進啊,
2384460	2385460	可我口才是罵,
2385460	2387460	我也有口才的問題啦,
2387460	2388460	你都沒做不到,
2388460	2389460	你就不來過嘛,
2389460	2390460	真的沒辦法,
2390460	2391460	你就出來過嘛,
2391460	2392460	我跟你講,
2392460	2393460	像他打票給你,
2393460	2394460	你也覺得很煩,
2394460	2395460	你一直叫我去做那個,
2395460	2396460	好,我跟你不適合,
2396460	2397460	有沒有可能,
2397460	2398460	非常有可能,
2398460	2399460	所以你還是就這樣想知道,
2399460	2400460	你跟他一直比我去做,
2400460	2401460	我就跟你不適合做,
2401460	2402460	叫我去做幹嘛,
2402460	2403460	我就跟你不適合做,
2403460	2404460	叫我去做幹嘛,
2404460	2406460	所以就是要勾通很重要,
2406460	2407460	所以意思就是說,
2407460	2408460	這類似,
2408460	2409460	如果你只能學,
2409460	2410460	學問你要學勾通知道,
2410460	2412460	勾通會勾通的人,
2412460	2415460	就是肥巴帶這一毫風式,
2415460	2416460	很會講話,
2416460	2417460	你應該聽起來超舒服的,
2417460	2419460	夫妻感情令到,
2419460	2420460	親子觀點嘛,
2420460	2421460	那什麼,
2421460	2423460	他們說肥人當初都有,
2423460	2424460	不會勾通的人,
2424460	2425460	看到你,
2425460	2426460	他會散,
2426460	2427460	孩子不好不好,
2427460	2428460	沒關係啦,
2428460	2429460	那跟舞蹈,
2429460	2430460	因為不會勾通,
2430460	2432460	都是讓大家壓力很大,
2432460	2433460	讓大家不舒服,
2433460	2434460	都一解了,
2434460	2435460	OK,
2435460	2436460	好,那都一解了,
2436460	2438460	我們要打成這三個目標,
2438460	2439460	那一開始來講一下
2439460	2441460	和講身之力介紹,
2441460	2442460	為什麼呢?
2442460	2444460	因為大家相信,
2444460	2446460	人生一輩子需要肥冷,
2446460	2447460	是嗎?
2447460	2448460	那如果呢,
2448460	2449460	你又在家庭教會,
2449460	2450460	夫妻感情,
2450460	2451460	其實關係比較,
2451460	2452460	每一步能為力的時候,
2452460	2454460	有可能我就是能貴了,
2454460	2456460	因為,
2456460	2458460	我在全國已經講這麼多千,
2458460	2459460	幾千場了,
2459460	2460460	太多人認識我了,
2460460	2461460	那我想介紹的這支影片,
2461460	2463460	認識市場你希望,
2463460	2464460	希望讓你知道我懂什麼,
2464460	2466460	也有你生命當中知道,
2466460	2467460	碰到我懂的,
2467460	2468460	也能問就可以問我,
2468460	2469460	可能我就因為,
2469460	2470460	因為這樣幫你解決,
2470460	2471460	說生命的問題,
2471460	2473460	那我首先要感謝你,
2473460	2474460	這個七點真不是,
2474460	2476460	七點真不是呢,
2476460	2477460	它在這裡面開在六百間,
2477460	2479460	六百間你要做,
2479460	2482460	顯能開發式的安心安心。
2482460	2484460	那我只開六百間呢,
2484460	2486460	因為日本人很多媽媽,
2486460	2487460	也要會在家裡去,
2487460	2488460	不惜安心安,
2488460	2489460	回來就發現,
2489460	2491460	七點真不是安心安心特別,
2491460	2492460	來今天上課呢,
2492460	2493460	都會幫忙開發大腦,
2493460	2494460	那很多小朋友,
2494460	2495460	我們來數學,
2495460	2496460	別提不懂我們,
2496460	2497460	開發我的大腦,
2497460	2498460	我會用這聽懂,
2498460	2499460	一邊的聽懂,
2499460	2500460	那你還是去看過醫生
2500460	2502460	有專注於過動的問題,
2502460	2503460	然後看來再需要,
2503460	2505460	去那邊上課安心安,
2505460	2506460	順便開發大腦,
2506460	2507460	也改善,
2507460	2508460	那你的孩子跟誇張,
2508460	2510460	怕鬼怕黑煙鳥的,
2510460	2511460	去上課勇氣,
2511460	2512460	這是不用提升的,
2512460	2513460	那有的是吃必勝,
2513460	2514460	你會大,
2514460	2515460	有一些喜大喜的改善,
2515460	2516460	不會很群套,
2516460	2517460	所以他會發現,
2517460	2518460	七點真不是厲害,
2518460	2520460	就像口偶相傳,
2520460	2521460	一大個人去加工,
2521460	2522460	所以開了六百多家,
2522460	2524460	那當年呢,
2524460	2525460	因為我在生了兩孩子,
2525460	2526460	不知道怎麼教小孩看書,
2526460	2528460	不過我會最近找書看,
2528460	2529460	回來看到他書寫得很好,
2529460	2531460	我就用他書的方法教我的,
2531460	2532460	回來有效,
2532460	2534460	那後來我就把他書全部看得一輪之後,
2534460	2536460	剛好他在開獸整盤,
2536460	2538460	所以我就跑去地人上,
2538460	2539460	收整盤,
2539460	2541460	拿到三輔的證照,
2541460	2542460	然後知道怎麼教小孩,
2542460	2543460	為了把孩子教得很好,
2543460	2544460	所以呢,
2544460	2546460	這是一個資本學習的老師,
2546460	2547460	好,
2547460	2548460	那我沒有教你去上他課,
2548460	2549460	我只要把這家的老師
2549460	2550460	被你說,
2550460	2551460	那告訴你他,
2551460	2552460	我覺得什麼,
2552460	2553460	七點真不是,
2553460	2554460	他出裡面,
2554460	2555460	教課裡面,
2555460	2556460	有兩個最重要的觀念,
2556460	2558460	教小孩就只兩個觀念,
2558460	2559460	一個叫做,
2559460	2560460	你必須教學,
2560460	2562460	去留用必須意義,
2562460	2564460	一個這個高峰經驗教學,
2564460	2567460	那還是相信他可以完成這個高峰,
2567460	2569460	再創造下一個高峰,
2569460	2571460	所以我是用他講的,
2571460	2574460	這個高峰經驗教學來教學,
2574460	2575460	那很多家長,
2575460	2577460	孩子業教會被痛苦,
2577460	2578460	孩子老師頂壯,
2578460	2579460	你很高,
2579460	2580460	他利益,
2580460	2581460	大家對不聽話,
2581460	2584460	就是你一直在用你必須教學把教小孩,
2584460	2585460	理論講完,
2585460	2586460	聽不懂,
2586460	2587460	沒用故事,
2587460	2588460	他說講話用故事,
2588460	2589460	有故事,
2589460	2590460	有理論,
2590460	2591460	他有黃金之劇,
2591460	2592460	好,
2592460	2593460	現在假裝他家都叫陳小姐,
2593460	2594460	請問,
2594460	2595460	請麻煩你,
2595460	2596460	就認為你就是陳小姐,
2596460	2598460	那,你不會用,
2598460	2599460	很怕水,
2599460	2600460	那你有小孩,
2600460	2601460	好,
2601460	2602460	那我們當家長吃完孩子吃,
2602460	2603460	那當中暑假,
2603460	2604460	因為大家去玩水,
2604460	2605460	你盡量,
2605460	2606460	你這是他必須對你一個記者,
2606460	2607460	你要大家去玩水,
2607460	2608460	那你一每年,
2608460	2609460	你才開始去玩水的時候,
2609460	2610460	一每年怕水,
2610460	2611460	都不敢下水,
2611460	2613460	那每年孩子邀請你下回去玩,
2613460	2614460	你說,
2614460	2615460	我怕水,
2615460	2616460	我不敢,
2616460	2617460	那孩子也是都會笑你,
2617460	2618460	好,我明天出去學,
2618460	2619460	雖然要陪你,
2619460	2620460	結果你這樣,
2620460	2621460	這三年都沒去,
2621460	2622460	我還是去笑你,
2622460	2623460	最後你算過不了了,
2623460	2624460	真的麻煩他,
2624460	2625460	真的不行,
2625460	2626460	這樣說我不算麻,
2626460	2627460	我決定掉,
2627460	2628460	去學都用,
2628460	2629460	這比孩子看,
2629460	2630460	結果呢,
2630460	2631460	就上門查,
2631460	2632460	去查了一個
2632460	2633460	有我們去年班,
2633460	2634460	還是去報名,
2634460	2635460	一對一學名,
2635460	2636460	因為一塊水價,
2636460	2637460	你趕快去學,
2637460	2638460	就不到現場,
2638460	2640460	就說,叫你,叫你,
2640460	2642460	我要趕快學一個,
2642460	2643460	可是我們怕水了,
2643460	2644460	我把他教練了,
2644460	2645460	就跑沒事,
2645460	2646460	來陳小姐,
2646460	2647460	我先給你心理接測一下,
2647460	2648460	理解功能,
2648460	2649460	一又三,
2649460	2650460	那也怕,
2650460	2651460	我們這用是在
2651460	2652460	一二四十公分的理解,
2652460	2654460	所以你會因此知道他,
2654460	2655460	不要怕,
2655460	2656460	那你跟我說,
2656460	2657460	你一直想要,
2657460	2658460	要學又有,對不對,
2658460	2659460	對,
2659460	2660460	因為我不能在,
2660460	2661460	不學會,
2661460	2662460	會不會有理解笑,
2662460	2663460	我想不幫你學會,
2663460	2664460	好,那我告訴你,
2664460	2665460	學用最基本的概念,
2665460	2666460	去到上双,
2666460	2667460	如果你放鬆了,
2667460	2668460	才有可能有的動,
2668460	2669460	沒放鬆,
2669460	2670460	你怎麼有的又不起來,
2670460	2672460	所以既然你這麼想學會,
2672460	2673460	我們這堂個性來看一點,
2673460	2674460	放鬆,
2674460	2675460	交給放鬆好了,
2675460	2676460	那他就跟你講給大家,
2676460	2677460	對放鬆了,
2677460	2678460	對,講完之後說,
2678460	2679460	來,你下去練習看看,
2679460	2681460	你想去練習看看囉,
2681460	2682460	你下去了,
2682460	2683460	你下去了,
2683460	2684460	愛恨陳小姐的話,
2684460	2685460	你下去就開始發動,
2685460	2686460	好恐怖喔,
2686460	2687460	可是我教學會,
2687460	2688460	他練習還是很強悍喔,
2688460	2689460	我要學會,
2689460	2690460	安教你教我幹嘛,
2690460	2691460	學給你好了,
2691460	2692460	放鬆要學一條,
2692460	2693460	那他就試試看看,
2693460	2694460	躺下去,
2694460	2695460	就一躺下去,
2695460	2696460	一...
2696460	2697460	肌肉這樣就動,
2697460	2698460	就掉下去了,
2698460	2699460	就開始強到,
2699460	2701460	對,這樣對,
2701460	2702460	這樣對,
2702460	2703460	這樣他會勇敢,
2703460	2704460	就是放鬆放鬆,
2704460	2705460	又...
2705460	2706460	又肌肉緊張,
2706460	2707460	又肌肉緊張,
2707460	2708460	又肌肉緊張,
2708460	2709460	他就在二十分鐘,
2709460	2710460	嗆了十八、四歲,
2710460	2711460	好,
2711460	2713460	陳小姐是最長的喔,
2713460	2715460	你不要把他想得出個誤問的好,
2715460	2716460	請問你喔,
2716460	2718460	一個陳小姐很怕睡,
2718460	2719460	很害怕的人這樣子,
2719460	2720460	二十分鐘,
2720460	2721460	嗆了十八、四歲,
2721460	2722460	你覺得會不會說說這樣,
2722460	2723460	會不會說什麼,
2723460	2724460	會,
2724460	2725460	一定會說什麼,
2725460	2726460	當作作者說,
2726460	2728460	這教練在教他的時候,
2728460	2729460	看到這陳小姐
2729460	2730460	是他這邊教過序的人,
2730460	2731460	你知道嗎,
2731460	2732460	就有教練,
2732460	2733460	其實你小心,
2733460	2734460	他這樣很難,
2734460	2735460	每天他也每天,
2735460	2736460	他就...
2736460	2737460	他也是八、四歲,
2737460	2738460	他也教會有,
2738460	2739460	他這樣教過好難,
2739460	2740460	對不對,
2740460	2741460	他剛剛在教學院唱歌之後,
2741460	2742460	他還聽不到,
2742460	2744460	陳小姐,
2744460	2746460	你放鬆,
2746460	2748460	你是放鬆一個難,
2748460	2749460	請問你,
2749460	2751460	陳小姐在受到作者的時候,
2751460	2752460	你在這邊教練在那邊
2752460	2753460	沒有鬼教,
2753460	2754460	他聽到音,
2754460	2755460	馬上放鬆,
2755460	2756460	二,
2756460	2757460	更教會緊張,
2757460	2758460	是一、二,
2758460	2759460	已經是二,
2759460	2760460	人有作者在那壓力,
2760460	2761460	會跟教練緊張,
2761460	2762460	他聽到了,
2762460	2763460	聽到了,
2763460	2764460	我掌聲跳到最近哦,
2764460	2765460	你知道,
2765460	2766460	多少家長教起來,
2766460	2767460	這樣教得嗎?
2767460	2769460	你不用做好聽到音哦,
2769460	2770460	跟我們來動曲,
2770460	2771460	都還...
2771460	2772460	我教練,
2772460	2773460	我變成你知道嗎?
2773460	2775460	有被我專心聽,
2775460	2776460	我下半天用這麼類,
2776460	2777460	你知道嗎?
2777460	2778460	這是別事耶,
2778460	2780460	一直讓他,
2780460	2782460	他還挺有錯誠,
2782460	2783460	別讓我讓他,
2783460	2784460	請問他會越放鬆一個專心,
2784460	2785460	還是越教練,
2785460	2786460	越教練,
2786460	2788460	那小一小二還會這樣講話哦,
2789460	2790460	我,我...
2790460	2791460	我...我一樣沒有...
2791460	2792460	沒有,
2792460	2794460	你只好給了,
2794460	2795460	一個晚上做打山之變,
2795460	2796460	怎麼可能那麼多打電,
2796460	2797460	我在哪裡去電視師,
2797460	2799460	電到記者才沒打電的死電人,
2799460	2800460	你看到他就解,
2800460	2802460	大便沒看必死,一定沒看到沒
2802460	2804460	這是沒人寫,你知道嗎?
2804460	2806460	那大便還是他們歸用這一招
2806460	2808460	大一招,你在罵他就別招
2809460	2811460	我也沒有叫你叫我
2811460	2814460	你自己愛照你叫,你家照顧我嗎?你家
2814460	2817460	所以呢,他就這樣打擊他
2817460	2819460	你的孩子就很做壞
2819460	2820460	很教育
2820460	2822460	那根據習近平的研究
2822460	2824460	一個孩子如果去看過一生
2824460	2825460	經過整段
2825460	2827460	他確定沒有關注一股集中
2827460	2828460	也沒有過動
2828460	2829460	經過一生確定沒有
2829460	2831460	但是你老師去問老師
2831460	2832460	問我們中飯家
2832460	2833460	不是一堆飯親內
2833460	2834460	下廣播
2834460	2835460	這話說話呀
2835460	2836460	老孔生飯空嗎?
2836460	2838460	但是整體檢查過沒有
2838460	2839460	你知道了什麼嗎?
2839460	2840460	科技心理學研究
2840460	2842460	這個孩子會通常寫工作的
2842460	2843460	做事情會這樣放空
2843460	2844460	往生脫拉就是因為
2844460	2847460	家裡裡面有人一直在罵小孩
2848460	2849460	罵他孩子
2849460	2850460	只要碰到功課
2850460	2851460	你就教育緊張
2851460	2852460	有聽到的沒有
2852460	2853460	你不要不相信
2853460	2854460	不想你會講大便死
2854460	2856460	如果你有人在家跟子上班
2856460	2857460	你們請你是不是
2857460	2858460	請去觀念不好
2858460	2859460	能不能跟你演一下
2859460	2860460	結婚啦
2860460	2862460	你坐在他隔壁
2862460	2863460	你坐在他隔壁
2863460	2864460	他今天就剛好你旁邊
2864460	2865460	你這個王小姐
2865460	2866460	犯錯了
2866460	2867460	他就站在
2867460	2868460	王小姐前面你在隔壁哦
2868460	2869460	聽到他在罵了
2869460	2870460	王小姐你搞什麼東西呀
2870460	2871460	難道是過去
2871460	2872460	把重迫你在罵
2872460	2873460	但被公司弄
2873460	2874460	是一個成本
2874460	2875460	有關問題呀
2875460	2876460	沒問題呀
2876460	2877460	你幹嘛
2877460	2878460	你在躺壁子
2878460	2879460	聽到他在罵我們教界哦
2879460	2880460	你知道他是這種事嗎
2880460	2881460	隔壁呢
2881460	2882460	沒有人犯錯
2882460	2883460	請你站在躺壁
2884460	2885460	你會怎樣
2885460	2887460	你也跟你說啊
2887460	2888460	昨天被罵的感受
2888460	2889460	還在心裡面
2889460	2890460	請你吃一點點
2890460	2891460	這樣會罵
2891460	2892460	還是這麼冷嗎
2892460	2893460	為什麼你站在我房間
2893460	2894460	會不會
2894460	2895460	會嗎
2895460	2896460	冷氣
2896460	2897460	自己一樣的嗎
2897460	2898460	所以呢
2898460	2900460	這個孩子就是因為從腳到蛋
2900460	2902460	在血液科學考試方面
2902460	2904460	比經常這樣修舞他媽啊
2904460	2905460	他現在只要看到我們靠近
2905460	2906460	他就害怕
2906460	2907460	心裡莫名的壓力
2907460	2909460	就開始擔心害怕
2909460	2910460	這樣聽懂得沒有
2910460	2911460	所以
2911460	2913460	我要開箱這個教育
2913460	2914460	教小孩知道嗎
2914460	2914960	好
2914960	2916460	我們今天講還沒講完囉
2919460	2920460	所以呢
2920460	2921460	這個教練的家伙他
2921460	2923460	這教育科教育跟台塌
2923460	2925460	還在搶水
2925460	2926460	教育看生物的東西
2926460	2927460	到起訴了
2927460	2929460	教育講多幾家廠啊
2929460	2931460	在這多搶了28、4毫了
2931460	2932460	都沒學會
2932460	2933460	這也很不應該
2933460	2934460	到時候給我那個網路上
2934460	2935460	平常很糟糕
2935460	2936460	然後
2936460	2937460	嘴
2937460	2938460	嘴巴
2938460	2939460	嘴巴
2939460	2940460	嘴巴
2940460	2942460	嘴巴
2942460	2943460	嘴巴
2943460	2945460	這邊二樓太壞了
2945460	2947460	還有五分鐘
2947460	2972460	好啊
2972460	2972960	不要緊張
2972960	2974460	嗚
2975460	2977460	邊緣調中
2977460	2979460	紅腦的空貓才可以起來放棄
2979460	2980460	你不要焦慮害怕
2980460	2982460	等一下你還沒有用腦中脫脫脫
2982460	2983460	看起來
2983460	2984460	我的頭
2984460	2985460	你女兒都太焦慮
2985460	2986460	你知道嗎
2986460	2988460	整套姐聽到這句話快嚇死了
2988460	2990460	還要安撫我的頭
2990460	2991460	她更焦慮
2991460	2992460	因為不會焦慮的就是這樣
2992460	2993460	講過我焦慮的這樣
2993460	2994460	那感受也焦慮了
2994460	2995460	然後整套女兒
2995460	2997460	就最主委中把這件事搞完了
2997460	2998460	去行到
2998460	2999460	所以聽說
2999460	3000460	問你來囉
3000460	3001460	那一個人發生一些事情之後
3001460	3004460	不然當然你那小孩面性一定會自我對話
3004460	3006460	整套女兒一罐起是一罐起的時候
3006460	3008460	是我對話可能有兩種
3008460	3009460	你看他應該是哪一種
3009460	3010460	我再講一句
3010460	3011460	他不是出口
3011460	3012460	我們是正常的
3012460	3013460	是我對話一
3013460	3014460	他就罐起是講說
3014460	3015460	有用紅腦
3015460	3017460	我真的很不適合學
3017460	3018460	放棄斷了
3018460	3020460	被笑就笑
3020460	3021460	反正笑也沒幾年
3021460	3022460	還這麼大了
3022460	3023460	你不會再給他去的
3023460	3024460	整套女兒
3024460	3025460	整套女兒
3025460	3026460	整套女兒
3026460	3027460	做我對他餓
3027460	3028460	人生就出這樣子嗎
3028460	3029460	你會錯這個啦
3029460	3031460	堅持下去
3031460	3032460	一定會成功
3032460	3033460	請問這條女兒
3033460	3034460	想一想的
3034460	3035460	一定想一碼
3035460	3036460	不會想的
3036460	3037460	想著她早就成功
3037460	3038460	不要緊
3038460	3039460	所以說呢
3039460	3041460	她在這隻一個
3041460	3043460	古代的教育之下
3043460	3044460	被逆逼了
3044460	3046460	很害怕學游泳
3046460	3047460	又聽懂了嗎
3047460	3049460	這叫逆逼式教學吧
3049460	3050460	所以你每天在家
3050460	3052460	歸邪孔淪的小孩
3052460	3053460	你知道她對學習
3053460	3054460	會產生這麼心態嗎
3054460	3055460	就是這樣的心態
3055460	3057460	我可以不要不出學吧
3057460	3058460	我可以
3058460	3059460	為什麼
3059460	3060460	大家都要學出學啊
3060460	3061460	為什麼
3061460	3062460	沒有為什麼
3062460	3063460	其實數年沒用
3063460	3064460	我長大又沒找出我錢
3064460	3066460	為什麼要學出學
3066460	3068460	要沒有計算計算
3068460	3069460	你講不過他
3069460	3070460	你不要跟我們講
3070460	3071460	他會關於你好不好
3071460	3072460	你再學個給學
3072460	3073460	你知道嗎
3073460	3074460	可是真的沒用
3074460	3076460	我沒有學出學啊
3076460	3077460	你不要吵
3077460	3078460	吵吵這麼吵
3078460	3079460	你去跟你爸講
3079460	3080460	你爸答應最多好嗎
3080460	3081460	你看他關到
3081460	3082460	關到比較厲害
3082460	3084460	都會溝通
3084460	3087460	都會溝通這樣
3087460	3088460	孔淪小孩
3088460	3089460	小孩就有生氣
3089460	3090460	然後呢
3090460	3092460	又去繼續補出學補一年
3092460	3093460	請問
3093460	3095460	他也輕快被逼逼
3095460	3096460	丟出神座
3096460	3097460	被他補票
3097460	3098460	愛國瑜
3098460	3099460	愛國瑜
3099460	3100460	請問一個被他
3100460	3102460	再補一年小孩
3102460	3103460	可能性低
3103460	3105460	數學真的越來越好
3105460	3106460	可能心樂
3106460	3107460	一定變2.3難
3107460	3108460	然後台兔很遭到
3108460	3109460	越來越大
3109460	3110460	白難
3110460	3111460	你確實也要
3111460	3112460	已經12
3112460	3114460	然後有時候長久換你手沙
3114460	3115460	你會進入你叫
3115460	3117460	受害者心態
3117460	3118460	開始當抱怨人生
3118460	3119460	你看就不懂事
3119460	3120460	不懂得彈了
3120460	3121460	孔淪小孩
3121460	3122460	是早高夢的心量
3122460	3123460	我們在頭頭
3123460	3124460	我習慣你知道嗎
3124460	3125460	我去中山
3125460	3126460	然後去看一下你身體
3126460	3127460	你知道嗎
3127460	3128460	請問你身體辛苦
3128460	3129460	跟台兔不讀出
3129460	3130460	有什麼關係啊
3130460	3131460	有關係嗎
3131460	3133460	畢竟我們就沒有啊
3133460	3134460	裡面在台兔
3134460	3135460	還是不年輕苦啊
3135460	3137460	然後現在
3137460	3138460	台兔
3138460	3139460	明顯的噴熱式話
3139460	3140460	給他聽
3140460	3141460	不知道
3141460	3143460	怎麼會是他很贏
3143460	3144460	你是要想看看
3144460	3145460	你專檢辛苦
3145460	3146460	跟台兔這麼關係啊
3146460	3147460	一點關係
3147460	3148460	如果你是
3148460	3149460	可以約30萬
3149460	3150460	你一定會想懂嗎
3150460	3151460	反正
3151460	3152460	五萬花
3152460	3153460	錢花了就花了半個半
3153460	3155460	因為我還有25萬
3155460	3156460	給我啊
3156460	3157460	那是因為你跟一段4萬
3157460	3158460	你喜歡的你
3158460	3159460	因為一兩萬
3159460	3160460	對對對的很辛苦
3160460	3161460	可是不是還在你的啊
3161460	3162460	是你
3162460	3164460	本次不夠會賺錢好不好
3164460	3165460	因為我可以講
3165460	3166460	是真的可以看起來
3166460	3167460	你要會思考問題啊
3167460	3168460	不是老師
3168460	3169460	把壓力都給折
3169460	3171460	才能整個都給折
3171460	3172460	讓小孩子心裡生病
3172460	3173460	很知道沒有
3173460	3174460	為什麼像大家
3174460	3175460	報紙都會打開
3175460	3176460	小孩去學啊
3176460	3177460	然後台兔不家裡
3177460	3178460	不好啊
3178460	3179460	抗瘩啊
3179460	3180460	然後可以對對對的
3180460	3181460	先產生
3181460	3182460	大的那個攻擊
3182460	3183460	沒有同理心啊
3183460	3184460	都是因為家裡
3184460	3185460	教育造成的
3185460	3187460	怎麼可能會是社會教育呢
3187460	3189460	家裡教育造成的
3189460	3190460	所以呢
3190460	3191460	這個就叫做
3191460	3192460	逆比式教學嘛
3192460	3193460	這樣聽懂了沒有
3193460	3194460	好
3194460	3195460	那聽懂了
3195460	3196460	我們要想跟面盤等生
3196460	3197460	再到高峰
3198460	3199460	好
3199460	3200460	注意聽哦
3200460	3202460	先調產一下
3202460	3203460	聽到現在有說過嗎
3203460	3205460	那鼓掌一下嘛
3209460	3210460	好
3210460	3211460	我們來檢查一下
3211460	3213460	怎麼高
3213460	3215460	還是都會主意文是正常的
3215460	3216460	因為這個語言
3216460	3217460	對他們未來人生很重要
3217460	3218460	那你還是
3218460	3219460	打算真的可以
3219460	3220460	不意文土的三年
3220460	3222460	那這三年當中
3222460	3223460	你也不太注意這事情
3223460	3224460	因為都是幫他再注意的
3224460	3225460	你是爸爸
3225460	3226460	你比較不注意這事情
3226460	3227460	有那三年後有一天
3227460	3228460	你今天特別寫
3228460	3229460	你慢慢人家不來
3229460	3230460	而是
3230460	3231460	英文土的怎樣啊
3231460	3232460	還可以走哦
3232460	3233460	這樣
3233460	3234460	今天禮拜六
3234460	3235460	教到哪裡了
3235460	3236460	所以可教完了
3236460	3237460	什麼時候教完了啊
3237460	3238460	禮拜一就教完了
3238460	3239460	今天禮拜六
3239460	3240460	1235
3240460	3241460	有五天了
3241460	3242460	好 第一次給我聽
3243460	3244460	怎麼突然間重招了
3244460	3245460	你教我聽給他聽
3245460	3246460	然後
3246460	3247460	他就拿出勇氣
3247460	3248460	你開始看
3248460	3249460	這已經給我聽一點
3249460	3250460	好 注意聽我
3250460	3252460	這邊聽到你完之後
3252460	3253460	一天各位就
3253460	3254460	一半面盤
3254460	3256460	可以一半面盤
3256460	3257460	今天
3257460	3258460	現在這個禮物是
3258460	3259460	另外一天各位
3259460	3260460	一半面的不錯
3260460	3261460	一半面的不好
3261460	3262460	我會教起來
3262460	3263460	教授家長
3263460	3264460	看到這個結果
3264460	3265460	會這樣講話
3265460	3268460	你到底有沒有在呼吸啊
3268460	3269460	你別說我
3269460	3270460	你大半都不會唸
3270460	3271460	你想的是
3271460	3272460	是指名說
3272460	3273460	可是
3273460	3274460	溝通洗手
3274460	3275460	是先講一下想
3275460	3276460	你們在講自己想
3276460	3277460	如果講自己想說的
3277460	3278460	你到底有沒有在呼吸啊
3278460	3279460	你到底有沒有在呼吸啊
3279460	3280460	你到底有沒有在呼吸啊
3280460	3281460	你是大半都不會唸
3281460	3283460	當初不是靜光英國的嗎
3283460	3285460	那你為什麼不責任
3285460	3286460	我每天講多少英文
3286460	3288460	你會不知道
3288460	3290460	我們請到小
3290460	3291460	當長的時候
3291460	3292460	你還是心裡有對話
3292460	3293460	我剛才講過
3293460	3294460	每天世界都有對話
3294460	3295460	對話一
3295460	3296460	我要發揮圖啥
3296460	3297460	你這名
3297460	3298460	給我寶寶看
3298460	3299460	對話二
3299460	3300460	你是不一定的凡事
3300460	3302460	我早就不想過了
3302460	3303460	請問一眼二
3303460	3304460	我已經說
3304460	3306460	對你再打擊他
3306460	3308460	有聽到我再講什麼
3308460	3309460	那你看
3309460	3310460	如果當年這是一番
3310460	3311460	這種到我家
3311460	3312460	有講話
3312460	3313460	你一定要
3313460	3314460	再呼吸一下
3314460	3315460	溝通的起手式
3315460	3316460	先講一下
3316460	3317460	想聽的
3317460	3318460	你一定要學會看這樣
3318460	3319460	好的一面
3319460	3321460	你的人生就是看這樣過的一面
3321460	3322460	所以難怪你的痛苦
3322460	3323460	還是在痛苦
3323460	3325460	我還一直以這樣一天課文
3325460	3326460	以這樣一半天早
3326460	3327460	但不念話
3327460	3328460	你知道我怎麼講的嗎
3328460	3329460	兒子
3329460	3331460	一天課我這麼大一天
3331460	3332460	你也辦得很好耶
3332460	3334460	我也沒誇張嗎
3334460	3335460	我講的只是事實
3335460	3336460	我喜歡看好的那一面而已啊
3336460	3338460	老闆去給他寫了一尺寶
3338460	3339460	我就跟他說
3339460	3340460	你這一半天都很好
3340460	3341460	你是怎麼辦
3341460	3342460	我告訴你
3342460	3343460	小孩都很特別哦
3343460	3344460	我會講他嗎
3344460	3346460	有你心裡就會哭
3348460	3349460	是哦
3349460	3351460	所以我呼吸就會
3351460	3353460	你這個行為很棒
3353460	3354460	我喜歡
3354460	3355460	那記得講我想說的
3355460	3356460	那我問你一下
3356460	3357460	請問你那這一半
3357460	3359460	你怎麼回應啊
3359460	3361460	我們是心裡
3361460	3363460	都所謂的抵抗的問題
3363460	3365460	我甩個心
3365460	3366460	對不對
3366460	3367460	那這時候呢
3367460	3368460	那你這個
3368460	3369460	我在乎了這裡
3369460	3370460	這件事情
3370460	3371460	有東西複習會
3371460	3371860	沒複習
3371860	3372460	你會對不對
3372460	3373460	對
3373460	3374460	那我不會控制他
3374460	3375460	是我看嘛
3375460	3376460	我會不會說
3376460	3377460	那現在怎麼辦
3377460	3378460	你這樣不熟悉啊
3378460	3379460	爸爸下個禮拜有控
3379460	3380460	想要再聽一次
3380460	3381460	我就給問題給他
3381460	3382460	我會跟他要走
3382460	3383460	你禮拜幾多度一遍哦
3383460	3384460	我會不會這樣做
3384460	3385460	我讓自己採
3385460	3386460	我說那要簡單啊
3386460	3387460	我把下半天聽聽
3387460	3389460	我就可以給你聽啊
3389460	3390460	隨時都可以哦
3390460	3392460	我真的還講得這麼厲害
3392460	3393460	都有
3393460	3394460	讓我說
3394460	3395460	好啊
3395460	3396460	最近我很忙
3396460	3397460	我現在賣有控
3397460	3398460	有控制再來
3398460	3399460	愛戰力給我聽
3399460	3400460	已經找時間準備好啊
3400460	3401460	我就結束了
3401460	3402460	有了
3402460	3403460	對
3403460	3404460	這樣你怕我就把他叫回來
3404460	3405460	來給他
3405460	3406460	這個一段
3406460	3407460	我覺得他鼓勵他
3407460	3408460	我覺得他鼓勵他
3408460	3409460	其實呢
3409460	3410460	有不及的
3410460	3412460	說話算話難得
3412460	3413460	這個龍
3413460	3414460	這龍是你家喜歡的
3414460	3416460	就可以合作
3416460	3417460	很開心耶
3417460	3418460	那你知道爸爸
3418460	3419460	為什麼給當老闆
3419460	3420460	就是我當一年心裡
3420460	3421460	我都做到
3421460	3422460	所以你家喜歡我
3422460	3423460	才當我員工
3423460	3424460	跟我的祝福生命啊
3424460	3425460	所以這個特質
3425460	3426460	非常好
3426460	3428460	從小老季的說話算話
3428460	3430460	會贏得很多人
3430460	3431460	願意跟你合作配合
3431460	3433460	所以這個優點要記得
3433460	3434460	好不好
3434460	3435460	要多好
3435460	3436460	你看我們在家
3436460	3437460	搶他正確的態度
3437460	3438460	而是罵他說
3438460	3439460	你這個人
3439460	3440460	都講話不所信用
3440460	3441460	不是這樣
3441460	3442460	叫我小孩的嘛
3442460	3443460	一定是正向你
3443460	3444460	跟他講話嘛
3444460	3445460	有聽懂嗎
3445460	3446460	所以是在心裡學
3446460	3447460	叫做什麼
3447460	3448460	來這兩句話
3448460	3449460	你懂嗎
3449460	3450460	稍微一下
3450460	3451460	很久沒操作記得
3451460	3453460	優點長說不得了
3453460	3455460	缺點不說不見了
3459460	3461460	優點長說不得了
3461460	3463460	缺點長說不見了
3463460	3464460	你看我古英
3464460	3466460	還是說他有一半做得很好
3466460	3467460	跟他古英完之後
3467460	3469460	他就繼續發揚他的優點
3469460	3471460	他缺點慢慢就不見了
3471460	3472460	所以整個人看我
3472460	3474460	在這教你看你家過得的事情
3474460	3475460	可是一般家
3475460	3476460	每天說我之前
3476460	3477460	比較喜歡
3477460	3478460	反習到我心
3478460	3479460	缺點不長
3479460	3481460	所以我看我
3481460	3483460	在這教你看你家過得的事情
3483460	3484460	可是一般家
3484460	3485460	每天說我之前
3485460	3486460	比較喜歡
3486460	3487460	反習到我心
3487460	3488460	缺點不長
3488460	3489460	那不得了
3489460	3491460	優點不說不得了
3491460	3493460	本來在心裡還聽
3493460	3494460	反習你買到心裡
3494460	3495460	買到心裡還聽
3495460	3496460	本來一個禮拜
3496460	3497460	回習兩次餐
3497460	3498460	反習你沒買到
3498460	3499460	一吃都不想習
3499460	3501460	本來我
3501460	3502460	上班射手還寄的關
3502460	3503460	那被你媽媽到
3503460	3504460	有都不關
3504460	3506460	你沒看完笑
3506460	3507460	因為你媽媽她
3507460	3508460	她說我用關了
3508460	3509460	你為什麼沒射到
3509460	3510460	沒關
3510460	3512460	我只有寄到沒關
3512460	3513460	打試
3513460	3514460	你寄到沒關
3514460	3515460	那就在罵了
3515460	3517460	那到來只有反看你了
3517460	3519460	先說我不是這樣
3519460	3521460	所以基本上來講
3521460	3522460	優點常說不得了
3522460	3524460	缺點不說不見了
3524460	3526460	這個才是正確教起來的方式
3526460	3527460	所以呢
3527460	3528460	高峰經驗
3528460	3530460	跟NPC教學發講完這個了
3530460	3532460	所以我要講第二個囉
3532460	3534460	第二個我去學吹點
3534460	3535460	那為什麼學吹點
3535460	3536460	因為很多人從我的課會找
3536460	3537460	我這樣會
3537460	3538460	找我整時
3538460	3539460	甚至久的會在找我
3539460	3540460	做個別之上
3540460	3541460	有的孩子是
3541460	3542460	劇學的
3542460	3544460	要不要綁入成名過度的
3544460	3546460	果然就是她自己教學來教到
3546460	3547460	工作壓力、分音壓力
3547460	3548460	知道的
3548460	3549460	現在目前在看精神和
3549460	3550460	有用安民藥
3550460	3552460	或者看優雲
3552460	3553460	或者是是一些寫行處
3553460	3555460	讓這些情緒更穩定
3555460	3556460	然後就孩子也有恐慌
3556460	3557460	這個教育證
3557460	3558460	一大堆
3558460	3560460	那就找我來做吹點的事情
3560460	3561460	那為什麼要做吹點
3561460	3562460	因為我那講過
3562460	3563460	每個人的原生家裡
3563460	3564460	可能會給一個
3564460	3565460	帶來面在小孩受傷的
3565460	3566460	有多恐慌
3566460	3567460	教育莫名的
3567460	3568460	是有情緒
3568460	3569460	讓聽懂了嗎
3569460	3571460	所以說我每次在演講的時候
3571460	3572460	都跟家長說
3572460	3573460	如果你現在家裡有一個
3573460	3575460	很難搞定的小孩
3575460	3577460	我難建議你下次
3577460	3578460	我在紙座的時候
3578460	3580460	你請他在旁邊
3580460	3581460	桌子參與一層石頭
3581460	3583460	最好如果聽完一場
3583460	3585460	我每天會唱最早聽個一小時
3585460	3587460	因為今天演講到心態
3587460	3588460	你會發現
3588460	3589460	我是站在孩子這一台
3589460	3590460	有在做到嗎
3590460	3591460	很明顯
3592460	3594460	為什麼我明顯在
3594460	3595460	在那邊看我舉個例子
3595460	3596460	有多像在工作
3596460	3597460	我還是想
3597460	3598460	什麼狀況
3598460	3599460	什麼狀況
3599460	3600460	講話沒禮貌
3600460	3601460	對我大小生還給我標誤
3601460	3602460	然後講話好
3602460	3603460	對我呢
3603460	3604460	很黑術
3604460	3605460	我請大姐一樣
3605460	3606460	對我很兄弟答對的
3606460	3607460	我講答對我
3607460	3608460	還說會說我們同情答對
3608460	3609460	很慣慣
3609460	3610460	我就跟他說
3610460	3611460	那你想這樣早早
3611460	3613460	到底為什麼發生這個事情
3613460	3614460	想好我想知道
3614460	3615460	為什麼我們說
3615460	3616460	讓我們來找一下
3616460	3617460	好 我就開始問他說
3617460	3618460	請問你喔
3618460	3619460	你還是現在獨國中
3619460	3620460	被你長得這樣子
3620460	3621460	那他小醫小孩都會這樣嗎
3621460	3622460	不會啦
3622460	3623460	小醫小孩都愛你
3623460	3624460	很愛的
3624460	3625460	我叫他
3625460	3626460	喷他壞亂點
3626460	3627460	我說那小孩小事呢
3627460	3629460	也不太會啊
3629460	3631460	這國會有一點點小狀況
3631460	3632460	阿小我想念的
3632460	3633460	喔 放空還是變多了
3633460	3634460	阿都說了
3634460	3635460	更多
3635460	3637460	我說那早話答案
3637460	3638460	還什麼
3638460	3639460	我說原來
3639460	3640460	老天爺當年
3640460	3642460	還是送給你的手
3642460	3643460	是好的
3643460	3645460	是在你家給你搞壞的
3645460	3646460	沒錯
3646460	3647460	你不曉得一小偶來跑
3647460	3648460	上三角色
3648460	3649460	也是小偶小學
3649460	3650460	有國中變壞的不是嗎
3650460	3651460	不是被你搞壞
3651460	3652460	趕到被學校搞壞了
3652460	3653460	是被你搞壞
3653460	3654460	你用研究
3654460	3655460	先叫他搞壞了
3655460	3656460	他聽懂嗎
3656460	3658460	所以如果基本上來講的話
3658460	3660460	很多孩子這樣問題
3660460	3661460	我教我們
3661460	3662460	因為你也不瞭解
3662460	3663460	他在經歷牛逼我
3663460	3664460	演講之前都是說他不好
3664460	3665460	所以你這樣
3665460	3666460	我聽我演講
3666460	3667460	你知道發生什麼事嗎
3667460	3668460	我演講沒什麼沒有辦法
3668460	3669460	那種不一樣
3669460	3671460	但是風格就這樣
3671460	3672460	他會聽你講
3672460	3673460	聽看
3673460	3674460	就是
3674460	3675460	你看到
3675460	3676460	原來要是在說
3676460	3677460	就是
3677460	3678460	我是故意上學你的
3678460	3679460	因為
3679460	3680460	有個家庭
3680460	3681460	來找我今天做老師
3681460	3682460	我還是一看心理一生
3682460	3684460	看了半個都沒笑
3684460	3685460	看了一年
3685460	3686460	你也沒說好
3686460	3687460	沒笑
3687460	3688460	我說不肯定啊
3688460	3689460	這家都沒笑
3689460	3690460	我就告訴他
3690460	3691460	你怎麼去看心
3691460	3692460	他還是看心一次這樣
3692460	3693460	他說他每次去
3693460	3695460	一生問他話都比較
3695460	3697460	我說水平講
3697460	3698460	他不亂講
3698460	3699460	我說他這樣怎麼看
3699460	3700460	所以後來都
3700460	3701460	有時候我幫他回答
3701460	3702460	我說他這樣
3702460	3703460	是你在看心理身
3703460	3704460	不是他在看心理身
3704460	3705460	那為什麼
3705460	3706460	那孩子去的時候都會講
3706460	3707460	為什麼
3707460	3709460	因為沒有心任關係
3709460	3711460	為什麼可以這樣
3711460	3712460	對不對
3712460	3713460	祝我媽該看你做
3713460	3714460	該看是他比我來
3714460	3715460	我才來找我
3715460	3716460	那就會這樣
3716460	3717460	老婆要想這些
3717460	3718460	那這種會打開心的
3718460	3719460	他給我懂
3719460	3720460	那天懂了嗎
3720460	3721460	可是為什麼我跟他說
3721460	3722460	如果你家裡的贊小孩
3722460	3723460	還是你都知道
3723460	3724460	七七本放小孩
3724460	3725460	你要告訴他這個訊息
3725460	3726460	你就讓孩子
3726460	3727460	陪你聽一層贏家
3727460	3728460	再家裡聽就可以
3728460	3730460	因為那孩子會聽到
3730460	3731460	我講話沒懂
3731460	3733460	他會覺得這個老師
3733460	3734460	追蹤得很瞭解
3734460	3735460	他的心裡狀態
3735460	3737460	那你跟他講說
3737460	3738460	那我帶你去找他
3738460	3740460	那想跟他學校小孩
3740460	3742460	才不會在家亂罵小孩
3742460	3743460	那打小孩
3743460	3744460	他說好
3744460	3745460	我們去
3745460	3747460	你跟他講說
3747460	3748460	就是你問你
3748460	3749460	我才帶你去你身
3749460	3750460	他才會說什麼
3750460	3751460	你才有問題
3751460	3752460	你會自己去教
3752460	3753460	去
3753460	3754460	有聽懂在講什麼嗎
3754460	3755460	這是一種講話的
3755460	3756460	遮惡劣
3756460	3757460	你要講他想聽
3757460	3758460	的人家才會互動
3758460	3760460	所以你會發現整套
3760460	3761460	過來
3761460	3762460	都來跟你講
3762460	3763460	講講家想聽的
3763460	3764460	阿孟可以把自己
3764460	3766460	後面實在做到掌握好
3766460	3767460	要我們遮惡劣
3767460	3768460	興趣漸漸
3768460	3769460	所以呢
3769460	3770460	我每次贏兩個掌握
3770460	3771460	那結果有一次
3771460	3772460	我贏掌結束的時候
3772460	3773460	直播還是劍掌握
3773460	3775460	我現在是教你直播掌握
3775460	3777460	留著我我很節奏
3777460	3778460	所以最重要那邊
3778460	3779460	我要給我
3779460	3780460	老師
3780460	3781460	我真的用你的方法
3781460	3782460	我一直教在他
3782460	3783460	去找你
3783460	3785000	阿孟的話
3785000	3786460	我玩樂
3786460	3787460	然後他現在
3787460	3787900	卻加aster
3787900	3788900	去學換店和
3788900	3790380	5 好半年的ald
3790380	3791460	所以那個店
3791460	3792380	我就跟他說
3792380	3793480	為什麼我去學
3793480	3794380	換店
3794460	3795960	應該有一鬧
3795960	3796980	9個
3796980	3797460	你會覺得
3797460	3798460	那個脯丸
3798460	3799440	有的
3799440	3799920	圈地頂麵
3799920	3800460	說我不 fret
3800460	3801460	他腰就開始ín
3801460	3802480	漂流 害怕
3802480	3803460	我想成
3803460	3804460	相到4個人
3804460	3807460	我就很討厭他 因為他沒有試過求了
3807460	3810460	他說有試過 阿晴我都不考慮
3810460	3814460	好有氣喔 我很多事情都是這樣告訴我
3814460	3816460	我說真的 我們在上體嚴重了
3816460	3820460	難怪他不能去上課 也不能去按習班 補習班 因為都超過十個
3820460	3824460	所以他就在他在旁邊聽我演課 想到一半
3824460	3826460	他說 媽媽 你帶我去台北找大家個雨吧
3826460	3828460	我先喝檢究的麻煩
3828460	3830460	因為這還錢住台訟 他住台訟
3830460	3834460	那來的第一次呢 我就用吹雨的方式 跟他互動
3834460	3836460	他進入他的深層情意識
3836460	3839460	去找到他受傷的小孩 到不是不是
3839460	3841460	當然這事情都不愛如此家庭造成的
3841460	3844460	因為這個對母子 媽媽跟謝忻分手了
3844460	3846460	因為爸爸會嫁爸
3846460	3848460	所以在吹雨當中都找到小時候
3848460	3850460	他對爸爸可能打罵教育
3850460	3852460	孔會威脅 造成他內心傷害
3852460	3853460	我昨天孔孔教育
3853460	3857460	那第一次來 結果工作很完整
3857460	3858460	我就跟媽媽說媽媽
3858460	3860460	我跟妳講 下回電影
3860460	3862460	回去之後呢 不用每個禮拜來
3862460	3864460	我一老師不喜歡那家每個禮拜
3864460	3866460	搬配個時間 用到費錢
3866460	3869460	然後呢 你就兩三個禮拜來一次就好
3869460	3871460	那有效果在重要
3871460	3873460	就回去做一個禮拜就打架給我
3873460	3875460	老師 我聽不到這幾個字嗎
3875460	3876460	為什麼
3876460	3877460	因為我有效果
3877460	3879460	我只管解決這個問題 我才可以上班
3879460	3880460	不能半年沒上班
3880460	3882460	我半年沒上班 你看我課也
3882460	3885460	還有一次做業股 他再加大電話
3885460	3888460	然後請他 他是業務經理 請他的貢獻工具
3888460	3890460	請他的主編譯 就可以了
3890460	3892460	那我就說 你怎麼整理你們有效
3892460	3893460	你要講求我聽
3893460	3896460	他說 很簡單啊 以前在去找別人說
3896460	3898460	我再講講電話 別夠客戶 安排事情
3898460	3900460	有時候你講到半小時的一小時難免的嘛
3900460	3901460	又要做保險
3901460	3903460	那何時候 請去醫師上來的時候
3903460	3905460	就說 你看電話的話
3905460	3906460	你快不過來啦
3907460	3909460	那陌比過去的這邊發瘋
3909460	3911460	在家裡會發瘋 一起去爆瘋
3911460	3912460	他說這個禮拜啊
3912460	3914460	自從他我這邊可以去做
3914460	3915460	他幫他再講電話喔
3915460	3916460	他剛剛想說等一下
3916460	3918460	一整天這樣小時候沒思路
3918460	3920460	我說 哇 請去我定多了
3920460	3921460	又有效
3921460	3923460	我可以這樣才幫他 我說好難難
3923460	3924460	整天就來
3924460	3925460	來 再用他工作的一小時
3925460	3927460	我就說這一次效果更好
3927460	3928460	所以回去一樣喔
3928460	3930460	大概兩三個禮拜來一次就好
3930460	3931460	結果一回去之後
3931460	3932460	兩回禮拜都給我
3932460	3934460	我想說 請先安坐好
3934460	3935460	請我好
3935460	3936460	不禮拜 我的媽
3936460	3937460	我就主動打電話給他
3937460	3938460	媽媽
3938460	3940460	阿你為什麼後來都沒夠聯絡
3940460	3942460	老是人拍誰啦
3942460	3943460	我第二次都會命回來之後
3943460	3945460	一個禮拜我還是就好了
3945460	3946460	阿我就沒想翻了
3946460	3947460	他就沒想學了
3947460	3949460	所以最近很麻煩
3949460	3950460	幫到我們去跟你講
3950460	3951460	所以對不起
3951460	3952460	他這也不好
3952460	3954460	這場人已經回去上課了
3954460	3956460	我聽到你很高興喔
3956460	3957460	可是我還想在故事有講到
3957460	3959460	他在找我之前一看的
3959460	3960460	愛情醫生
3960460	3961460	沒有笑
3961460	3962460	這什麼方大
3962460	3963460	幫他澄清一下
3963460	3965460	不是心理醫生不好
3965460	3966460	沒有笑不是他不好
3966460	3967460	那為什麼來這邊兩次
3967460	3968460	就有效
3968460	3969460	是因為我比較厲害
3969460	3970460	早聽懂
3970460	3973460	好啦
3973460	3975460	然後講這邊一次告訴你說
3975460	3977460	其實我剛才講過
3977460	3979460	我有可能是你們家的貴的之一啦
3979460	3980460	如果真的有一些深情問題
3980460	3981460	找不到的能夠握一下
3981460	3982460	那聽懂嗎
3982460	3983460	好
3983460	3985460	那第三個我去學溝通
3985460	3986460	他就不做介紹
3986460	3987460	因為今年經歷
3987460	3988460	講過溝通
3988460	3990460	第一次我去學生經緣學
3990460	3992460	經緣學也是經理劇上
3992460	3993460	給一種技巧
3993460	3995460	那這樣很深硬
3995460	3996460	你已經不懂
3996460	3997460	這就要操一下
3997460	3998460	快點就在技巧裡面
3998460	3999460	每個行為
3999460	4000460	帶一波都有想法
4000460	4001460	支持他
4008460	4009460	每個行為
4009460	4010460	帶一波都有想法
4010460	4011460	支持他
4011460	4013460	意思就是說
4013460	4014460	你還是現在
4014460	4015460	如果
4015460	4016460	情況很大
4016460	4017460	真的行為
4017460	4018460	配合我想法
4018460	4019460	支持他
4019460	4020460	你還是現在
4020460	4021460	會一直拿人家東西
4021460	4022460	你還敢想說
4022460	4023460	不可以拿人東西
4023460	4024460	可是你一直會
4024460	4025460	就行為
4025460	4027460	配合有想法的支持他
4027460	4028460	這個行為
4028460	4029460	配合有想法的支持他
4029460	4030460	有聽懂在講什麼嗎
4030460	4031460	所以我們現在
4031460	4032460	還是進入
4032460	4033460	比較設計的溝通
4033460	4034460	去轉化
4034460	4035460	真正的想法是什麼
4035460	4036460	想法解決的
4036460	4037460	行為就解決
4037460	4038460	你還在講這個概念
4038460	4039460	可是很多家長
4039460	4040460	會溝通
4040460	4041460	還成了
4041460	4042460	說謊
4042460	4043460	多東西
4043460	4044460	好幾遍被抓到
4044460	4045460	最後被調下來
4045460	4046460	我再跟你講
4046460	4047460	最後一次
4047460	4048460	如果再說謊
4048460	4049460	在哪邊
4049460	4050460	都一頭頭
4050460	4051460	沒有抓到你就死定了
4051460	4052460	結果
4052460	4053460	下次說謊
4053460	4054460	多東西
4054460	4055460	沒死
4055460	4056460	因為
4056460	4057460	他不是
4057460	4058460	好想說
4058460	4059460	原來沒事
4059460	4061460	我爸爸只會吹一頭古賴而已
4061460	4062460	所以沒事
4062460	4063460	不要怕
4063460	4064460	所以
4064460	4065460	跟那些掉下
4065460	4067460	還是對這個家長知道嗎
4067460	4068460	說有組的知道
4068460	4069460	就像在部隊行徑上
4069460	4070460	你看
4070460	4071460	講的話
4071460	4072460	同帥講話
4072460	4073460	不算是
4073460	4074460	阿彌陀佛行理嗎
4074460	4075460	怎麼會行理呢
4075460	4076460	可是我們沒有找你
4076460	4077460	一定要殺死他
4077460	4078460	我是說
4078460	4079460	沒有人這樣招小孩的嘛
4079460	4080460	這樣講起來怎麼會對你呢
4080460	4081460	而是要脫溝通
4081460	4083460	然後找到他
4083460	4084460	其實你在想什麼
4084460	4085460	雖然你脫溝通
4085460	4086460	我知道
4086460	4087460	因為他都做得那麼一步的
4087460	4088460	所以才來親死鍋
4088460	4090460	他聽不死他
4090460	4091460	我保證你公立
4091460	4092460	可能會過於我的兩三層
4092460	4093460	就可以
4093460	4094460	沒有到十層
4094460	4095460	你公立十層
4095460	4096460	就失業了你知道嗎
4096460	4097460	兩三層
4097460	4098460	就給考慮過事情了
4098460	4099460	對不對
4099460	4100460	那可能挺一場
4100460	4101460	有可能嗎
4101460	4102460	請問各位大家
4102460	4103460	今天這場裡面
4103460	4104460	就改變很多
4104460	4105460	然後不會
4105460	4106460	所以真的要來親死鍋
4106460	4107460	這種一定看得出來
4107460	4108460	可是每次都看一國
4108460	4109460	過來都未來
4109460	4110460	你知道為什麼嗎
4110460	4111460	因為我只不過人數
4111460	4112460	都要看得出
4112460	4113460	大概都同樣的人
4113460	4114460	我們都在學校
4114460	4115460	在學校
4115460	4116460	會從一百變兩百
4116460	4117460	兩百變三百
4117460	4118460	永遠都是在台湊用
4118460	4119460	所以都未來
4119460	4120460	要不要停止出來
4120460	4121460	我馬上
4121460	4123460	我工作又是
4123460	4124460	我累
4124460	4125460	我明天
4125460	4126460	這是一種人生
4126460	4127460	因為每個人會
4127460	4128460	要為自己的人生
4128460	4129460	做福負責任
4129460	4130460	好
4130460	4131460	所以呢
4131460	4132460	其實第一件事情
4132460	4133460	是請你福島的一個
4133460	4134460	好 據前人亮學
4134460	4136460	人亮學是什麼意思呢
4136460	4138460	2022年
4138460	4140460	若被人家
4140460	4141460	故理獎得主
4141460	4142460	推出的理論
4142460	4144460	整個人亮子糾纏
4144460	4145460	如果你這輩子
4145460	4147460	是今天第一次聽過
4147460	4148460	還有曾經看過
4148460	4149460	亮子糾纏的影片
4149460	4150460	等一下不要看
4150460	4151460	下課回家
4151460	4153460	打開你的YT
4153460	4154460	頻道
4154460	4155460	YouTube頻道
4155460	4156460	打一下亮子糾纏
4156460	4157460	一定影片
4157460	4159460	上前之以上
4159460	4161460	大家會在那邊看法說
4161460	4163460	你什麼叫亮子糾纏
4163460	4164460	我大概講一下
4164460	4165460	這個不以學家
4165460	4166460	科學家說
4166460	4167460	這個宇宙都是能量
4167460	4168460	你就是能量
4168460	4169460	空間
4169460	4170460	有型的
4170460	4171460	看得到看不到的
4171460	4172460	都是能量
4172460	4174460	所以能量
4174460	4175460	會去跟
4175460	4177460	外在能量產生糾纏
4177460	4179460	所以能量又是正能量
4179460	4180460	你就會糾纏到
4180460	4181460	貴人很多
4181460	4182460	好運動
4182460	4183460	如果你能量似乎能量
4183460	4184460	你就笑不斷
4184460	4185460	運氣很差
4185460	4186460	狀況道歉
4186460	4187460	所以呢
4187460	4189460	你就是要去過療
4189460	4190460	可以說
4190460	4191460	如果讓自己能量
4191460	4192460	可以提升起來
4192460	4193460	想怕過程
4193460	4194460	思考的過程
4194460	4195460	顧著顧著
4195460	4196460	都輕輕控制在
4196460	4197460	正能量狀態
4197460	4198460	當然顧宅了
4198460	4199460	這個想聽到
4199460	4200460	來聽我的直播
4200460	4202460	所以你就會讓自己能量
4202460	4203460	是大改變
4203460	4204460	前次的你會叫
4204460	4205460	量子糾纏
4205460	4206460	不是尋學
4206460	4207460	也不是雜數
4207460	4209460	人家若變
4209460	4210460	一獎得主
4210460	4211460	不會最愛你
4211460	4212460	都更難到會不會有獎
4212460	4213460	是不是不懂得而已
4213460	4214460	所以要回去看看
4214460	4215460	什麼叫量子糾纏
4215460	4216460	所以呢
4216460	4217460	我就學得這麼多
4217460	4218460	這幾年呢
4218460	4219460	就開始方能
4219460	4220460	會去解決
4220460	4221460	他的生的婚禮
4221460	4222460	所以我已經通常
4222460	4224460	給予於一
4224460	4225460	七十教育
4225460	4226460	二溝通
4226460	4227460	三能量學
4227460	4228460	可以通過能量
4228460	4229460	幫助人家
4229460	4230460	能量學過的錢
4230460	4231460	貴人更多
4231460	4232460	或者解決生性的疾病
4232460	4233460	恐慌教育
4233460	4235460	或者三高總流
4235460	4236460	都可以改善得很好
4236460	4237460	所以這個你要自己
4237460	4238460	有空去摸索
4238460	4239460	不然你敢聽我直播
4239460	4240460	裝聽懂了
4240460	4241460	好我懂三重
4241460	4242460	三重是
4242460	4243460	好我懂下一輩子
4243460	4244460	接下來好下一輩子
4244460	4246460	剛剛講那麼多
4246460	4247460	就算帶回這張頭一片
4247460	4249460	你看你爸媽的關係
4249460	4250460	就是你看整個世界
4250460	4251460	關係的投射
4251460	4253460	我的兒子二十三歲
4253460	4255460	可以處理那麼多事情
4255460	4256460	他應該投射
4256460	4257460	他小時候
4257460	4258460	不好的時候
4258460	4260460	爸爸怎麼一擋他的情緒
4260460	4261460	他是在投射
4261460	4262460	人生為什麼要目標
4262460	4264460	對情人看法是什麼
4264460	4265460	他是在投射
4265460	4266460	怎麼去帶你們
4266460	4267460	跟家合作
4267460	4268460	因為這邊我其實
4268460	4269460	都在訓練他
4269460	4270460	都在跟他互動
4270460	4271460	他都選貴了
4271460	4272460	生教育要學
4272460	4273460	所以他投射出去了
4273460	4274460	所以他在他們工作
4274460	4275460	趕快都可以表現得很好
4275460	4276460	所以你的兒子
4276460	4277460	現在如果十歲
4277460	4278460	十二一歲十三歲
4278460	4279460	八九歲
4279460	4280460	然後跟你的孤單
4280460	4282460	都又怕還又有點
4282460	4283460	臭
4283460	4284460	就跟你講他不贏
4284460	4285460	他是在投射
4285460	4286460	這十年
4286460	4287460	他不尊重
4287460	4288460	然後起去二十五
4288460	4289460	這樣就短了
4289460	4290460	那為什麼這個
4290460	4291460	家裡的住隊
4291460	4293460	每個家都一定有住隊友
4293460	4295460	那個住隊友
4295460	4296460	就在短後
4296460	4297460	不知道是男的裡頭
4297460	4298460	不確定
4298460	4299460	要不然兩個都是住隊友
4299460	4301460	那為什麼這麼多內容
4301460	4302460	因為看到孩子就先
4302460	4303460	不關不看他就在寄
4303460	4304460	因為他在投射
4304460	4305460	他小時候
4305460	4307460	原生家裡給他傷害
4307460	4308460	他就投射出來了
4308460	4310460	所以都是投射造成的
4310460	4312460	那這個投射的禮物
4312460	4313460	就是禮物
4314460	4316460	自己比小時候
4316460	4319460	曾經經歷過的痛苦感受
4319460	4320460	這個住隊友
4320460	4321460	他在小時候
4321460	4322460	跟他的爸爸媽媽
4322460	4323460	也是情緒都說
4323460	4324460	恐惡打媽
4324460	4325460	小時候因為
4325460	4326460	不能保護自己
4326460	4327460	所以很痛苦
4327460	4328460	現在投射孩子的身為
4328460	4329460	這樣孩子不聽話
4329460	4330460	不懂事
4330460	4331460	他不能保護自己
4331460	4332460	不在發生他的感受
4332460	4333460	他會這樣想
4333460	4334460	我小時候
4334460	4335460	不能控制自己
4335460	4336460	就算了
4336460	4337460	爸爸
4337460	4338460	畢竟是他媽媽
4338460	4339460	他罵我
4339460	4340460	我認了
4340460	4341460	現在我是一老子
4341460	4342460	只是我的對我的
4342460	4344460	他對我再不禮貌
4344460	4345460	我火大
4345460	4346460	就他不想讓這個人
4346460	4347460	人生感受到
4347460	4348460	經歷過小時候
4348460	4349460	這種錯敗感的感受
4349460	4350460	他就以家
4350460	4351460	大到情緒
4351460	4352460	來壓死他
4352460	4353460	來保護自己
4353460	4354460	今天先不要
4354460	4355460	經歷過小時候
4355460	4356460	受傷的感受
4356460	4357460	上天口的沒有
4357460	4358460	所以呢
4358460	4359460	這個人
4359460	4360460	更需要找人家
4360460	4361460	幫他
4361460	4362460	可這個人
4362460	4363460	通常是回來的
4363460	4364460	他會覺得
4364460	4365460	都是你們有問題
4365460	4366460	但這樣沒關係
4366460	4367460	沒關係
4367460	4368460	因為
4368460	4369460	這個世界上
4369460	4370460	每個人
4370460	4372460	是讀過一個課題
4372460	4374460	你只要搞定自己
4374460	4375460	縱大自己了
4375460	4376460	你的生命品質
4376460	4377460	就改變了
4377460	4379460	為什麼
4379460	4380460	因為你縱大自己
4380460	4381460	改變自己之後呢
4381460	4383460	你會活成一道光
4383460	4384460	這一道光
4384460	4385460	可能會設入你孩子的心
4385460	4387460	設入你老公的心
4387460	4388460	把他心軟
4388460	4389460	軟軟的
4389460	4390460	就打開了
4390460	4392460	所以人生三件事
4392460	4393460	一叫
4393460	4394460	個自己的事
4394460	4395460	二叫
4395460	4396460	別人的事
4396460	4398460	三叫老天人的事
4398460	4399460	這個世界上
4399460	4400460	你要先搞定自己
4400460	4402460	平常把他搞定別人
4402460	4403460	可是
4403460	4404460	大家都住了
4404460	4405460	沒有這個滋味
4405460	4406460	每天都要想要搞定別人
4406460	4407460	我老公就不正確
4407460	4408460	他被人家問他了
4408460	4409460	我老婆就不顧其他
4409460	4410460	家裡整理不好
4410460	4411460	他都一直在
4411460	4412460	變得大家改變
4412460	4413460	每個他自己也處理知道嗎
4413460	4415460	可是你也發現嗎
4415460	4416460	你每天想要改變別人
4416460	4417460	都改變不了
4417460	4418460	因為這個關鍵
4418460	4419460	你也改變自己
4419460	4420460	所以
4420460	4422460	網路上都兩句話
4422460	4423460	你經典
4423460	4424460	能夠改變自己的
4424460	4425460	叫做神
4425460	4426460	每天想要改變別人
4426460	4428460	叫做神經病
4429460	4430460	不是嗎
4430460	4431460	你這對這一次
4431460	4432460	想要改變你
4432460	4433460	現在又改變嗎
4433460	4434460	沒有
4434460	4435460	你要想要改變你
4435460	4436460	八方也沒改變
4436460	4437460	你現在要改變
4437460	4438460	你還直接改變不了
4438460	4439460	你看現在
4439460	4440460	只剝上個椰馬了
4440460	4441460	所以
4441460	4443460	就是你沒改變
4443460	4444460	你要改變自己
4444460	4445460	別人就會改變
4445460	4446460	我這樣講
4446460	4447460	你還直接不懂
4447460	4448460	為什麼要活進一道觀
4448460	4449460	我舉個例子
4449460	4450460	在公司上班
4450460	4452460	你也欣賞我們的族觀
4452460	4453460	很興奮他
4453460	4455460	做人做事並得
4455460	4457460	公正講話寬吐
4457460	4458460	很有質感
4458460	4459460	穿著很帥技能
4459460	4460460	漂亮
4460460	4461460	面型長他
4461460	4462460	他活進一道觀
4462460	4463460	照到你
4463460	4464460	你知道發生什麼事嗎
4464460	4465460	你看他有一次
4465460	4466460	做上班
4466460	4467460	一本書
4467460	4468460	一本書
4468460	4469460	因為你偷偷去看
4469460	4470460	那一本書上
4471460	4473460	你看他做很喜歡
4473460	4474460	你因為這樣的時候
4474460	4475460	去光顏下面的品牌
4475460	4477460	你這樣都沒逼你去
4477460	4478460	就去做自己事情
4478460	4479460	因為他
4479460	4481460	我請你到光照照你
4481460	4482460	你就順著光
4482460	4483460	去去做你改做的事情
4483460	4485460	我聽懂我在想什麼
4485460	4486460	所以教小孩
4486460	4487460	當家另外一半
4487460	4488460	就是當做的
4488460	4489460	鼻照活進一道觀
4489460	4491460	就可以慢慢的
4491460	4492460	因為你的改變
4492460	4493460	別人會跟著一末
4493460	4494460	你喜歡就改變
4494460	4495460	可是你們家一次
4495460	4496460	沒有改變
4496460	4497460	這是別人拜託改變
4497460	4498460	整段整理團
4498460	4499460	每天都
4499460	4501460	想當神經病改變
4501460	4502460	證明是沒有用
4502460	4503460	上班聽懂的
4503460	4504460	好
4504460	4505460	所以說
4505460	4507460	這叫請一師投射
4507460	4508460	那怎麼辦
4508460	4509460	也聽到早飯家
4509460	4510460	幫忙自己
4510460	4511460	是忙不來的
4511460	4512460	相信我
4512460	4513460	因為自己
4513460	4514460	忙不來找就改變
4514460	4515460	理解了
4515460	4516460	好理解
4516460	4517460	我們下次囉
4517460	4518460	那我們接下來講一下
4518460	4520460	學習這個事情了
4520460	4521460	因為今天在做
4521460	4522460	如何復活補教
4522460	4524460	讓孩子愛上學習
4526460	4527460	還是讓孩子
4527460	4528460	活動學習
4529460	4529540	我也講
4529540	4531460	這種刃奇怪
4531460	4533460	剩下的一 sprout
4533460	4534460	很多家鄭跟我
4534460	4535460	還符會脫
4535460	4538460	使供歌們
4538460	4539460	做了補完寫專家
4539460	4542460	不集中產地三心
